River,Sample Point,Month,Year,COVID,Temp.(0C):Lab.,PH : Lab.,EC(micro S/cm),Chloride (mg/L),T. Alkalinity(mg/L),Turbidity. NTU,TS (mg/L),TDS (mg/L),SS (mg/L),DO (mg/L),BOD5 (mg/L),COD (mg/L)
Turag River," North Side of Tongi Bridge, Pagar, Tongi",1,2017,Before,18.4,7.81,557,49,260,54,359,314,45,0,28.2,113
Turag River,"Near Estema Mat, Tongi ",1,2017,Before,18.6,8.13,813,52,280,56,516,464,52,0,30.8,121
Turag River," Near Fulpukuria Dyeing Ltd, Pagar, Tongi",1,2017,Before,18.4,7.52,702,433,395,38,62,210,48,0,11.2,54
Balu River,"Near Hossain Dyeing Ltd,Pagar, Tongi",1,2017,Before,18.2,7.45,688,432,390,42,57,230,52,0,14.2,61
Balu River,"Tongi Rail Bridge, Pagar, Tongi",1,2017,Before,18.1,7.68,689,431,391,40,56,220,54,0,12.2,38
Shitalakhya River, Demra Ghat,1,2017,Before,18.8,7.24,590,314,387,73,220,38,12,0,20.4,68
Shitalakhya River, Near Ghorashal Fertilizer Factory,1,2017,Before,18.3,7.59,611,230,200,30,170,15,3.4,3.4,8.4,24
Shitalakhya River,Near ACI Factory,1,2017,Before,18.8,7.48,610,320,388,68,240,42,22,0,24.2,72
Buriganga River,Mirpur Bridge. ,1,2017,Before,18.2,7.74,745,398,360,38,45,224,38,0.2,11.2,46
Buriganga River,Hazaribagh ,1,2017,Before,18.4,7.55,741,399,359,40,47,222,42,0,7.2,28
Buriganga River,Kamrangir Char ,1,2017,Before,18.6,7.62,735,394,356,38,50,220,41,0,10.8,48
Buriganga River,Chadnighat,1,2017,Before,18.2,7.51,787,436,391,45,62,244,39,0,11.8,56
Buriganga River,Sadar Ghat,1,2017,Before,18.2,7.57,738,403,355,48,52,216,44,0.5,10.7,38
Buriganga River,Dholaikhal ,1,2017,Before,18.6,7.58,744,389,357,32,53,226,42,0,10.8,43
Buriganga River,Bangladesh China Friendship Bridge,1,2017,Before,19,7.55,744,399,359,40,54,218,42,0,13.2,41
Buriganga River,Pagla,1,2017,Before,18.8,7.61,747,409,359,50,55,220,42,0,7.8,28
Turag River,Near Gabtoli Bridge ,2,2017,Before,21,7.58,1152,49,260,120,687,542,145,0,28.2,90
Turag River,Mirpur Diabari BIWTA Landing Station  ,2,2017,Before,20.8,7.35,1153,52,280,220,805,545,260,0,30.8,84
Turag River,Asshulia BIWTA Landing Station ,2,2017,Before,21,7.69,1512,105,210,240,1015,718,297,0,28.4,82
Turag River,Tongi Istima Mat,2,2017,Before,20.6,7.59,1359,94,234,60,749,645,104,0,32.4,92
Balu River,"Near Jabar & Jubair Fabrics Ltd, Tongi",2,2017,Before,26.2,7.52,702,433,395,38,62,210,48,0,45.4,197
Balu River,"Near Hossain Dyeing Ltd, Pagar, Tongi",2,2017,Before,26.4,7.45,688,432,390,42,57,230,52,0,42.4,189
Balu River," Pagar, Tongi",2,2017,Before,26.1,7.68,689,431,391,40,56,220,54,0.25,36.4,98
Balu River,"Near Damra University College, Demra Dhaka",2,2017,Before,26.1,7.83,1012,702,506,196,73,280,250,0.18,38.2,111
Shitalakhya River,Demra Ghat,2,2017,Before,26.6,7.42,872,416,463,147,260,38,190,0,36.5,99
Shitalakhya River,Near Ghorashal Fertilizer Factory,2,2017,Before,26.8,8.11,449,228,238,10,80,15,8,6.2,2,10
Shitalakhya River,Near ACI Factory,2,2017,Before,27.2,7.48,1108,556,754,198,280,106,260,0,44.6,110
Shitalakhya River,Near Kachpur Bridge,2,2017,Before,27.4,7.83,1012,506,702,196,270,104,250,0.17,41.5,107
Buriganga River,Mirpur Bridge,2,2017,Before,20.8,7.14,904,398,484,118,49,280,75,0.2,18.6,72
Buriganga River,Hazaribagh,2,2017,Before,21,7.25,902,399,497,95,67,274,55,0,20.6,61
Buriganga River,Kamrangir Char,2,2017,Before,20.8,7.31,850,394,473,80,63,282,65,0,13.7,36
Buriganga River,Chadnighat,2,2017,Before,21.2,7.35,856,436,477,95,65,284,55,0,25,67
Buriganga River,Sadar Ghat,2,2017,Before,21.1,7.35,848,403,472,102,61,280,80,0.5,25,77
Buriganga River,Dholaikhal ,2,2017,Before,21,7.26,849,389,472,95,66,282,80,0,22.6,82
Buriganga River,Bangladesh China Friendship Bridge ,2,2017,Before,20.8,7.18,900,399,498,86,65,270,50,0,20.9,77
Buriganga River,Pagla ,2,2017,Before,20.8,7.13,764,409,423,86,63,258,80,0,24.8,59
Turag River,Near Gabtoli Bridge ,3,2017,Before,27,7.63,1219,74,286,150,678,608,170,0.73,28.2,62
Turag River,Mirpur Diabari BIWTA Landing Station  ,3,2017,Before,26.6,7.42,1345,73,278,210,818,638,180,0.89,30.8,105
Turag River,Asshulia BIWTA Landing Station ,3,2017,Before,27.6,7.64,1679,110,320,220,1069,789,280,0.46,28.4,88
Turag River,Tongi Istima Mat,3,2017,Before,27.8,7.42,1238,84,304,80,684,574,110,0.32,32.4,108
Balu River,"Near Jabar & Jubair Fabrics Ltd, Tongi",3,2017,Before,29.5,8.34,2116,1181,971,210,62,310,171,0.15,54.6,232
Balu River,"Near Hossain Dyeing Ltd, Pagar, Tongi",3,2017,Before,30.1,8.26,2433,1344,1110,234,176,318,188,0,68.8,282
Balu River,"Near Damra University College, Demra Dhaka",3,2017,Before,26.1,7.66,685,436,396,40,55,218,54,0.24,36.6,99
Balu River,"Near Balu Bridge, 300 feet Road,  Dhaka",3,2017,Before,26.1,7.85,1015,705,510,195,75,280,250,0.14,38.3,114
Shitalakhya River,Demra Ghat,3,2017,Before,26.6,7.41,874,420,465,145,260,38,185,0,36.6,95
Shitalakhya River,Near Ghorashal Fertilizer Factory,3,2017,Before,26.8,8.15,410,210,231,21,150,15,12.1,6.8,2.8,10
Shitalakhya River,Near ACI Factory,3,2017,Before,27.2,7.48,1108,556,754,198,280,106,220,0.8,44.2,104
Shitalakhya River,Near Kachpur Bridge,3,2017,Before,27.4,7.81,1016,509,701,192,260,105,248,0.15,41.5,107
Buriganga River,Mirpur Bridge,3,2017,Before,26.8,7.31,1054,656,538,118,65,280,75,0.1,28.2,88
Buriganga River,Hazaribagh,3,2017,Before,26.3,7.27,1138,684,589,95,70,274,55,0,26.2,70
Buriganga River,Kamrangir Char,3,2017,Before,26.8,7.45,1155,674,594,80,73,282,65,0,23.9,95
Buriganga River,Chadnighat,3,2017,Before,27.1,7.37,1178,700,605,95,76,284,55,0.1,31,88
Buriganga River,Sadar Ghat,3,2017,Before,27.2,7.47,1148,695,593,102,89,276,80,0.5,28.6,93
Buriganga River,Dholaikhal ,3,2017,Before,27.5,7.4,1161,694,599,95,78,282,80,0,26.7,100
Buriganga River,Bangladesh China Friendship Bridge ,3,2017,Before,26.8,7.36,1153,679,593,86,82,276,50,0,32,113
Buriganga River,Pagla ,3,2017,Before,26.9,7.48,1150,678,592,86,78,278,80,0,28.2,90
Turag River,Near Gabtoli Bridge ,4,2017,Before,29,7.43,897,60,262,32.3,509,441,68,0.68,24.2,74
Turag River,Mirpur Diabari BIWTA Landing Station  ,4,2017,Before,29.6,7.26,808,58,256,96.3,537,394,143,1.2,54,118
Turag River,Asshulia BIWTA Landing Station ,4,2017,Before,29.6,7.8,1362,135,314,48.7,781,677,74,0.56,18.4,55
Turag River,Tongi Istima Mat,4,2017,Before,29.8,7.45,845,72,238,80.6,532,410,122,0.8,29,92
Balu River,"Near Jabar & Jubair Fabrics Ltd, Tongi",4,2017,Before,30.4,8.81,1454,1181,771,95,77,430,50.7,0.15,78,164
Balu River,"Near Hossain Dyeing Ltd, Pagar, Tongi",4,2017,Before,30.1,7.66,1046,620,513,107,94,314,53.7,0,84,200
Balu River,"Near Damra University College, Demra Dhaka",4,2017,Before,29.9,7.5,685,436,396,19,54,232,9.36,2.2,12.4,36
Balu River,"Near Balu Bridge, 300 feet Road,  Dhaka",4,2017,Before,29.4,7.81,1123,568,568,39,92,354,22.7,2.2,16.4,44
Shitalakhya River,Demra Ghat,4,2017,Before,29.8,7.53,479,283,300,17,200,50,6.68,2.8,12.2,36
Shitalakhya River,Near Ghorashal Fertilizer Factory,4,2017,Before,28.9,8.18,398,200,222,22,148,13,9.45,7.2,3.1,12
Shitalakhya River,Near ACI Factory,4,2017,Before,30.4,7.48,610,310,349,39,280,56,12.1,0.8,14.8,49
Shitalakhya River,Near Kachpur Bridge,4,2017,Before,31,7.64,560,320,338,18,224,53,6.37,2.53,13.8,44
Buriganga River,Mirpur Bridge,4,2017,Before,29.6,6.72,744,421,372,49,30,180,29.7,2.4,7.5,26
Buriganga River,Hazaribagh,4,2017,Before,29.8,6.78,880,501,440,61,34,210,25.2,2.1,10.8,55
Buriganga River,Kamrangir Char,4,2017,Before,29.7,7.43,966,563,483,80,40,220,49.1,1.8,11.8,58
Buriganga River,Chadnighat,4,2017,Before,29.8,7.18,981,585,492,93,42,240,69.4,2,11.5,63
Buriganga River,Sadar Ghat,4,2017,Before,29.9,6.94,975,586,488,98,43,232,79.6,1.6,13.4,72
Buriganga River,Dholaikhal ,4,2017,Before,29.6,7.07,1073,656,537,119,44,242,129,1.8,15.4,75
Buriganga River,Bangladesh China Friendship Bridge ,4,2017,Before,29.4,7.24,1110,694,555,139,47,250,169,1.6,14.2,58
Buriganga River,Pagla ,4,2017,Before,29.8,7.36,1142,713,571,142,47,254,184,1.4,16.2,55
Turag River,Near Gabtoli Bridge ,5,2017,Before,30.9,7.49,670,60,224,22.5,379,335,44,1.08,20,38
Turag River,Mirpur Diabari BIWTA Landing Station  ,5,2017,Before,31.1,7.65,728,64,216,17.1,402,365,37,1.95,20,38
Turag River,Asshulia BIWTA Landing Station ,5,2017,Before,30.9,7.66,915,74,270,57.8,540,458,82,0.34,37,79
Turag River,Tongi Istima Mat,5,2017,Before,32,7.55,1027,81,240,52.5,606,514,92,0.27,51,130
Balu River,"Near Jabar & Jubair Fabrics Ltd, Tongi",5,2017,Before,32,7.55,1027,598,514,84,54,430,32.6,0.27,46,154
Balu River,"Near Hossain Dyeing Ltd, Pagar, Tongi",5,2017,Before,33.2,7.98,1840,1035,920,115,72,314,77.7,0.22,67,204
Balu River,"Near Damra University College, Demra Dhaka",5,2017,Before,29.9,7.5,685,415,396,90,30,232,62.4,0.6,12.4,72
Balu River,"Near Balu Bridge, 300 feet Road,  Dhaka",5,2017,Before,29.4,7.81,1123,568,568,37,28,354,17.6,1.15,16.4,45
Shitalakhya River,Demra Ghat,5,2017,Before,29.2,7.37,679,340,417,77,200,32,49.3,0.42,12.2,64
Shitalakhya River,Near Ghorashal Fertilizer Factory,5,2017,Before,28.9,7,240,120,142,22,120,8,9.45,7.2,3.1,12
Shitalakhya River,Near ACI Factory,5,2017,Before,30.2,7.57,360,180,239,59,280,18,29.2,0.9,14.8,49
Shitalakhya River,Near Kachpur Bridge,5,2017,Before,30.4,7.75,357,179.2,213,34,224,18,23.6,0.71,13.8,32
Buriganga River,Mirpur Bridge,5,2017,Before,29.8,7.55,544,421,272,31,23,130,13.9,0.5,8.8,36
Buriganga River,Hazaribagh,5,2017,Before,30.4,7.53,528,501,264,23,17,134,10.5,0.77,9.6,36
Buriganga River,Kamrangir Char,5,2017,Before,30.4,7.46,511,563,256,24,16,136,11.6,0.59,8.4,31
Buriganga River,Chadnighat,5,2017,Before,30.6,7.37,541,585,271,33,20,140,17.2,0.48,10.8,41
Buriganga River,Sadar Ghat,5,2017,Before,30.2,7.4,556,586,278,46,19,174,23.5,1.21,12.6,43
Buriganga River,Dholaikhal ,5,2017,Before,30.6,7.39,566,656,283,45,22,176,27.2,0.99,16.8,51
Buriganga River,Bangladesh China Friendship Bridge ,5,2017,Before,30.6,7.37,581,694,291,40,27,144,28.1,0.58,13.6,41
Buriganga River,Pagla ,5,2017,Before,31,7.38,590,713,295,55,20,142,32.6,0.62,18.4,67
Turag River,Near Gabtoli Bridge ,6,2017,Before,30.1,6.68,205,5,68,65.5,162,99,63,2.9,7.2,29
Turag River,Mirpur Diabari BIWTA Landing Station  ,6,2017,Before,30.4,6.72,207.4,6,58,35,127,99.7,27,5.84,5.2,27
Turag River,Asshulia BIWTA Landing Station ,6,2017,Before,30.6,7.11,210,8,62,30.2,125,100.1,25,3.51,2.4,22
Turag River,Tongi Istima Mat,6,2017,Before,30,6.74,270,8,60,77.5,204,130,74,2.48,2.7,18
Buriganga River,Mirpur Bridge,6,2017,Before,29.8,7.55,544,23,130,13.9,304,273,31,0.5,8,36
Buriganga River,Hazaribagh,6,2017,Before,30.4,7.53,528,17,134,10.5,288,265,23,0.77,9,36
Buriganga River,Kamrangir Char,6,2017,Before,30.4,7.46,541,16,136,11.6,296,272,24,0.59,7,31
Buriganga River,Chadnighat,6,2017,Before,30.2,7.37,556,20,140,17.2,311,278,33,0.48,10,41
Buriganga River,Sadar Ghat,6,2017,Before,30.6,7.4,566,19,174,23.5,330,284,46,1.4,10,43
Buriganga River,Dholaikhal ,6,2017,Before,30.6,7.39,581,22,176,27.2,336,291,45,0.99,12,51
Buriganga River,Bangladesh China Friendship Bridge ,6,2017,Before,30.4,7.37,590,27,154,28.2,335,295,40,0.58,10.8,41
Buriganga River,Pagla ,6,2017,Before,30.6,7.38,511,20,152,27,298,256,42,0.62,15.2,67
Turag River,Near Gabtoli Bridge ,7,2017,Before,30.1,7.83,141,8,90,16,92.2,73.2,19,5.1,2.1,11.8
Turag River,Mirpur Diabari BIWTA Landing Station  ,7,2017,Before,29.8,7.52,150.7,6,60,12.3,86.2,77.5,9,4.8,1.1,5
Turag River,Asshulia BIWTA Landing Station ,7,2017,Before,29.7,7.7,126.3,3,50,19,81.2,65,16,6.3,0.8,5
Turag River,Tongi Istima Mat,7,2017,Before,30.2,7.56,130.1,4,50,16.5,79.9,66.9,13,5.8,0.5,7.4
Balu River,"Near Jabar & Jubair Fabrics Ltd, Tongi",7,2017,Before,30.4,7.51,277,8,80,13,155.3,144.3,11,4.8,1.1,7
Balu River,"Near Hossain Dyeing Ltd, Pagar, Tongi",7,2017,Before,29.8,7.31,148,7,60,13.3,85.3,76.4,9,4.8,1.4,7
Balu River,"Near Damra University College, Demra Dhaka",7,2017,Before,30.1,7.18,203,10,80,20.5,119,100.9,18,3.1,3.8,26
Shitalakhya River,Demra Ghat,7,2017,Before,29.8,7.68,118.5,9,50,21.5,83.2,58.2,25,4.7,2.8,18
Shitalakhya River,Near Ghorashal Fertilizer Factory,7,2017,Before,30.2,7.23,122.2,6,56,30.4,93.9,59.9,34,5.6,1,NAN
Buriganga River,Mirpur Bridge,7,2017,Before,30,7.89,172.1,6.6,48,35.6,124,86.5,38,4.93,7.2,24
Buriganga River,Hazaribagh,7,2017,Before,30.2,6.88,163,7,50,30.2,118,82.1,36,3.94,4.8,12.4
Buriganga River,Kamrangir Char,7,2017,Before,30.2,6.8,163.7,6,50,24.2,112,82.4,30,3.47,3.6,----
Buriganga River,Chadnighat,7,2017,Before,29.9,6.94,167.1,6,52,23.2,116,84.2,32,3.63,10.8,34
Buriganga River,Sadar Ghat,7,2017,Before,29.9,6.85,168.8,7,50,25.6,118,85,33,3.49,3.8,10
Buriganga River,Dholaikhal ,7,2017,Before,29.8,6.83,165.4,7,50,17.4,106,83.1,23,3.66,6.2,14.3
Buriganga River,Bangladesh China Friendship Bridge ,7,2017,Before,30.2,6.82,164.4,7,48,20.7,106,82.5,24,3.27,5.6,24
Buriganga River,Pagla ,7,2017,Before,30.2,6.76,165.4,6,50,20.4,117,82.9,34,3.29,4.8,14.4
Turag River,Near Gabtoli Bridge ,8,2017,Before,29.8,7,131.2,6,60,36.2,104,65.7,39,4.4,1.4,7
Turag River,Mirpur Diabari BIWTA Landing Station  ,8,2017,Before,29.6,7.09,142.3,8,59,34.2,107.5,72.5,35,4.3,1.8,7
Turag River,Asshulia BIWTA Landing Station ,8,2017,Before,29.8,7.15,127.8,7,62,35,102.2,65.2,37,4.8,2.2,7
Turag River,Tongi Istima Mat,8,2017,Before,30,7.26,122.9,6,56,34.6,97.5,62.5,35,4.7,2.2,7
Balu River,"Near Damra University College, Demra Dhaka",8,2017,Before,29.8,6.94,179.3,8,64,10.2,124,92.1,32,5.2,3.8,16
Shitalakhya River,Demra Ghat,8,2017,Before,29.8,7.07,114.1,8,74,NAN,110,58.3,32,5.1,5,5
Shitalakhya River,Near ACI Factory,8,2017,Before,30.8,7.25,130.4,16,80,28.6,100,70.8,30,5.4,1.6,10
Buriganga River,Mirpur Bridge,8,2017,Before,30,7.89,164.4,10,56,35.6,120,82,38,4.08,1,NAN
Buriganga River,Hazaribagh,8,2017,Before,30.2,6.88,172.1,7,54,30.2,122,86,36,4.06,1.5,NAN
Buriganga River,Kamrangir Char,8,2017,Before,30,6.8,163,5,48,24.2,111,81,30,3.43,2.1,NAN
Buriganga River,Chadnighat,8,2017,Before,30.4,7.1,157.7,5,50,23.2,110,78,32,3.32,1.8,NAN
Buriganga River,Sadar Ghat,8,2017,Before,30.2,7.15,159.8,4,52,25.6,113,80,33,3.68,2.4,NAN
Buriganga River,Dholaikhal ,8,2017,Before,30.3,7.29,159.4,6,54,17.4,103,80,23,2.46,1.5,12
Buriganga River,Bangladesh China Friendship Bridge ,8,2017,Before,30.6,6.97,168.2,5,54,20.7,108,84,24,3.1,2.4,NAN
Buriganga River,Pagla ,8,2017,Before,30.3,7.5,160.2,6,50,20.4,114,80.8,34,3.65,2.7,NAN
Turag River,Near Gabtoli Bridge ,9,2017,Before,29.8,7.95,118.5,6,50,27.3,93.8,61.8,32,4.8,1.2,NAN
Turag River,Mirpur Diabari BIWTA Landing Station  ,9,2017,Before,29.6,7.55,136.3,12,54,25.3,100.8,71.8,29,4.7,1.4,NAN
Turag River,Asshulia BIWTA Landing Station ,9,2017,Before,29.8,7.36,116,8,46,22.6,87.4,60.4,27,4.8,2,NAN
Turag River,Tongi Istima Mat,9,2017,Before,30,7.3,116,5,48,30.4,97.1,60.1,37,4.5,1.2,NAN
Balu River,"Near Jabar & Jubair Fabrics Ltd, Tongi",9,2017,Before,29.8,7.26,192.1,8,58,22.3,126.1,100.1,26,4.7,1.2,NAN
Balu River,"Near Hossain Dyeing Ltd, Pagar, Tongi",9,2017,Before,29.5,7.24,182.2,7,60,22.8,126.2,95.2,31,4.8,2,NAN
Buriganga River,Mirpur Bridge,9,2017,Before,31,7.58,154.8,8,44,20.3,105.5,77.5,28,4.54,0.8,NAN
Buriganga River,Hazaribagh,9,2017,Before,31,7.43,161.9,8,48,16,100,81,19,3.71,1.4,NAN
Buriganga River,Kamrangir Char,9,2017,Before,31,7.36,162.7,7,46,15.9,99.4,81.4,18,3.46,2,NAN
Buriganga River,Chadnighat,9,2017,Before,31.2,7.13,151.2,6,42,16.7,95.1,76.1,19,2.18,1.2,NAN
Buriganga River,Sadar Ghat,9,2017,Before,31.7,7.13,163.7,7,46,16.8,105.1,82.1,23,3.09,1.2,NAN
Buriganga River,Dholaikhal ,9,2017,Before,31.9,7.09,166.8,7,46,10.6,94.8,83.8,11,2.88,1.2,NAN
Buriganga River,Bangladesh China Friendship Bridge ,9,2017,Before,31.7,7.25,165.4,8,44,13.2,100.6,82.6,18,3.05,2,NAN
Buriganga River,Pagla ,9,2017,Before,31,7.46,170.8,6,44,12.2,100.1,86.1,14,2.6,1.8,NAN
Turag River,Near Gabtoli Bridge ,10,2017,Before,29.8,7.47,150.6,6,38,26,103.5,75.5,28,5.12,1.2,10
Turag River,Mirpur Diabari BIWTA Landing Station  ,10,2017,Before,29.6,7.3,165.6,14,40,28.1,114.6,83.6,31,5,1.4,10
Turag River,Asshulia BIWTA Landing Station ,10,2017,Before,30.3,7.49,145.6,8,42,28,107.2,73.2,34,5.87,1.2,15
Turag River,Tongi Istima Mat,10,2017,Before,30.3,7.79,147.8,5,44,42.6,122,74.1,48,5.09,1.6,12
Balu River,"Near Jabar & Jubair Fabrics Ltd, Tongi",10,2017,Before,29.8,7.38,259,8,50,28.9,159,130,29,4.33,1.2,27
Balu River,"Near Hossain Dyeing Ltd, Pagar, Tongi",10,2017,Before,30,7.37,179.7,7,42,26.2,120,90,30,3.76,1.4,15
Balu River,"Near Damra University College, Demra Dhaka",10,2017,Before,29.8,7.28,166,8,42,19.4,100.7,83.7,17,5.2,1.2,10
Shitalakhya River,Demra Ghat,10,2017,Before,29.6,7.38,131.7,11,42,14,85.2,66.2,19,5,2.8,15
Shitalakhya River,Near Ghorashal Fertilizer Factory,10,2017,Before,29.8,7.49,121.7,8,36,36,100.2,61.2,39,5,2.4,10
Buriganga River,Mirpur Bridge,10,2017,Before,26.2,7.93,155.2,8,40,25.8,128,71.7,57,5.58,1.8,12
Buriganga River,Hazaribagh,10,2017,Before,26.6,7.23,183.2,9,42,24.6,140.4,84.4,56,4.73,2.1,12
Buriganga River,Kamrangir Char,10,2017,Before,26.3,7.28,175.2,8,60,21.6,135.1,81.1,54,3.82,1.8,10
Buriganga River,Chadnighat,10,2017,Before,26,7.67,173.5,9,46,20,132.7,80.7,52,3.33,2.4,10
Buriganga River,Sadar Ghat,10,2017,Before,26.3,7.42,175.1,9,44,19.8,134,84,53,4.57,1.8,12
Buriganga River,Dholaikhal ,10,2017,Before,27,7.42,199.6,10,42,21.9,144.2,91.2,53,3.07,1.6,27
Buriganga River,Bangladesh China Friendship Bridge ,10,2017,Before,25.9,7.6,177.6,10,44,19.9,134.8,82.8,52,3.13,2.2,10
Buriganga River,Pagla ,10,2017,Before,26.9,7.22,188.6,9,46,21,139.2,87.2,52,4.1,1.8,10
Turag River,Near Gabtoli Bridge ,11,2017,Before,26.9,7.31,155.1,8,70,18.2,106,80,26,4.8,4.8,13
Turag River,Mirpur Diabari BIWTA Landing Station  ,11,2017,Before,26.8,7.12,164.1,9,72,21.5,112.8,84.8,28,4.2,5.2,16
Turag River,Asshulia BIWTA Landing Station ,11,2017,Before,26.8,7.25,129.8,7,68,17.8,90.9,66.9,24,4.9,4.8,13
Turag River,Tongi Istima Mat,11,2017,Before,26.7,7.22,147.8,8,64,21.2,105.7,87.7,18,5.1,4.8,10
Balu River,"Near Damra University College, Demra Dhaka",11,2017,Before,28.1,7.28,166,10,72,19.4,100.7,83.7,17,5.2,1.2,10
Buriganga River,Mirpur Bridge,11,2017,Before,27.5,7.13,330,17,62,35.6,190.2,148.2,42,3.73,3.6,17
Buriganga River,Hazaribagh,11,2017,Before,28.1,7.64,323,10,56,23.7,173.8,143.4,30,2.45,2.4,10
Buriganga River,Kamrangir Char,11,2017,Before,27.8,7.62,318,10,72,19.9,157.8,136.8,21,2.08,3.2,10
Buriganga River,Chadnighat,11,2017,Before,27.8,7.71,304,25,70,16.1,161.4,143.4,18,1.75,3.6,25
Buriganga River,Sadar Ghat,11,2017,Before,27.3,7.5,315,10,72,16.7,159.1,140.1,19,2.3,2.6,10
Buriganga River,Dholaikhal ,11,2017,Before,27.1,7.6,306,13,62,16.2,157.1,140.1,17,1.43,5.6,13
Buriganga River,Bangladesh China Friendship Bridge ,11,2017,Before,27.2,7.47,301,22,62,11.3,151.2,138.2,13,2.14,8.8,22
Buriganga River,Pagla ,11,2017,Before,27.1,7.51,310,23,64,12.2,166,152,14,1.4,8.2,23
Shitalakhya River,Demra Ghat,11,2017,Before,27,7.38,131.7,6,120,19.4,83.2,66.2,17,3.8,8.2,24
Shitalakhya River,Near Ghorashal Fertilizer Factory,11,2017,Before,27,7.49,121.7,7,110,36,84.2,61.2,23,5.2,5.1,17
Shitalakhya River,Near ACI Factory,11,2017,Before,27.5,6.98,427,12,110,16.4,233.7,216.7,17,4.8,6.8,22
Turag River,Near Gabtoli Bridge ,12,2017,Before,24.8,7.69,472,21,200,18.2,260,244,16,1.2,6.4,23
Turag River,Mirpur Diabari BIWTA Landing Station  ,12,2017,Before,24.9,7.7,473,29,200,21.5,277,249,28,1,6.6,27
Turag River,Asshulia BIWTA Landing Station ,12,2017,Before,24.8,7.72,457,24,176,21.7,271,250,21,0.8,6.1,39
Turag River,Tongi Istima Mat,12,2017,Before,24.9,7.7,462,22,182,17.5,257,242,15,1.2,5.8,49
Balu River,"Near Jabar & Jubair Fabrics Ltd, Tongi",12,2017,Before,24.7,7.28,581,24,179,42.6,359,309,50,0.2,48,201
Balu River,"Near Hossain Dyeing Ltd, Pagar, Tongi",12,2017,Before,20.8,7.21,688,24,174,40.8,415,368,47,0,42,200
Balu River,"Near Damra University College, Demra Dhaka",12,2017,Before,28.1,7.28,383,21,160,16.7,221,202.1,19,0.5,7.8,44
Shitalakhya River,Demra Ghat,12,2017,Before,24.7,7.48,390,16,170,10.8,225,205.8,20,0,12.3,57
Shitalakhya River,Near Ghorashal Fertilizer Factory,12,2017,Before,24.8,7.59,273,10,76,8.6,157,145,12,3.8,5.1,17
Buriganga River,Mirpur Bridge,12,2017,Before,24.9,7.4,530,34,190,20.7,286,261,25,1.5,5.4,14.7
Buriganga River,Hazaribagh,12,2017,Before,24.1,7.2,547,34,200,17.5,301,269,32,0.8,12,27
Buriganga River,Kamrangir Char,12,2017,Before,24.2,7.4,541,33,210,14.5,289,266,23,0.4,4.8,12
Buriganga River,Chadnighat,12,2017,Before,24.1,7.05,756,32,190,28.9,440,375,64,0,18.6,56
Buriganga River,Sadar Ghat,12,2017,Before,24.1,7.28,544,30,190,9.65,303,269,34,0.7,8.4,32
Buriganga River,Dholaikhal,12,2017,Before,23.9,7.26,516,31,200,12.1,288,256,32,0.2,14.4,38
Buriganga River,Bangladesh China Friendship Bridge,12,2017,Before,23.9,7.06,520,32,210,12.5,300,267,33,0,8.6,34
Buriganga River,Pagla ,12,2017,Before,23.9,7.35,550,31,210,18.5,308,272,36,0.2,9.6,32
Turag River,Near Gabtoli Bridge ,1,2018,Before,20.1,7,597,40,164,109,482,323,159,0,33,114
Turag River,Mirpur Diabari BIWTA Landing Station  ,1,2018,Before,19.7,6.99,586,35,164,124,459,309,150,0,24,106
Turag River,Asshulia BIWTA Landing Station ,1,2018,Before,19.6,7.31,538,37,170,54.8,374,293,81,0,37,142
Turag River,Tongi Istima Mat,1,2018,Before,19.8,7.04,600,50,152,44.5,384,326,58,0,86,241
Balu River,"Near Hossain Dyeing Ltd, Pagar, Tongi",1,2018,Before,22.6,7.08,894,82,344,59,641,475,166,0,56,189
Balu River,"Near Damra University College, Demra Dhaka",1,2018,Before,21.8,7.24,817,82,280,106,587,431,156,0.5,42.6,196
Shitalakhya River,Demra Ghat,1,2018,Before,18.8,7.24,590,38,220,12,387,314,73,0,20.4,68
Shitalakhya River,Near Kachpur Bridge,1,2018,Before,18.3,7.59,611,15,170,3.4,200,230,30,3.4,8.4,24
Shitalakhya River,Near ACI Factory,1,2018,Before,18.8,7.48,610,42,240,22,388,320,68,0,24.2,72
Buriganga River,Mirpur Bridge,1,2018,Before,20.5,8.05,868,50,218,53.7,511,435,76,1.09,6.4,17
Buriganga River,Hazaribagh,1,2018,Before,20.7,7.72,761,43,198,31.4,425,382,43,1.52,8.2,25
Buriganga River,Kamrangir Char,1,2018,Before,21.6,7.58,769,45,256,29.6,424,385,39,0.93,6.8,16
Buriganga River,Chadnighat,1,2018,Before,23.5,7.42,837,60,264,73.1,501,418,83,0.67,24,57
Buriganga River,Sadar Ghat,1,2018,Before,21.4,7.54,717,45,288,40.9,404,359,45,0.85,6.8,16
Buriganga River,Dholaikhal ,1,2018,Before,23.1,7.15,826,60,228,40.9,569,414,155,0.53,8.4,27
Buriganga River,Bangladesh China Friendship Bridge ,1,2018,Before,21.9,7.32,759,50,226,100,468,380,88,1.31,12,34
Buriganga River,Pagla ,1,2018,Before,22.8,7.44,760,52,220,58.4,448,372,76,1.1,8.8,36
Turag River,Near Gabtoli Bridge ,2,2018,Before,25.4,7.57,923,56,280,67.1,564,450,114,1.25,28,69
Turag River,Mirpur Diabari BIWTA Landing Station  ,2,2018,Before,25.3,7.52,893,52,280,88.5,562,435,127,0.42,42,120
Turag River,Asshulia BIWTA Landing Station ,2,2018,Before,24.9,7.78,969,58,320,71.3,593,476,117,0.54,38,111
Turag River,Tongi Istima Mat,2,2018,Before,28.5,7.69,1156,70,320,52.2,652,539,113,0.52,36,93
Balu River,"Near Jabar & Jubair Fabrics Ltd, Tongi",2,2018,Before,24.6,7.29,1430,84,420,46.2,986,850,136,0.52,56,130
Balu River,"Near Hossain Dyeing Ltd, Pagar, Tongi",2,2018,Before,25.4,6.89,1501,85,350,33.8,935,860,75,0.6,72,189
Balu River,"Near Balu Bridge, 300 feet Road,  Dhaka",2,2018,Before,28.9,7.12,943,56,340,46.2,551,485,66,0.8,14.4,57
Shitalakhya River,Demra Ghat,2,2018,Before,25.3,7.1,809,60,280,21.8,455,411,44,1,24.6,118
Shitalakhya River,Near Ghorashal Fertilizer Factory,2,2018,Before,24.7,7.47,364,35,180,10.8,210.5,183.5,27,5.2,1.4,8.4
Shitalakhya River,Near ACI Factory,2,2018,Before,24.8,6.61,678,62,320,24.6,416,359,47,0.8,18.6,58
Buriganga River,Mirpur Bridge,2,2018,Before,24,7.12,883,50,300,70.8,511,444,103,0,13.8,52
Buriganga River,Hazaribagh,2,2018,Before,24.4,7.19,885,62,314,77.6,425,441,67,0,15,56
Buriganga River,Kamrangir Char,2,2018,Before,24.4,7.28,896,58,306,83.7,424,446,71,0,18,62
Buriganga River,Chadnighat,2,2018,Before,24.5,7.23,904,60,320,128,501,449,99,0,12.6,48
Buriganga River,Sadar Ghat,2,2018,Before,24.4,7.21,895,64,342,NAN,404,445,93,0,18.6,64
Buriganga River,Dholaikhal ,2,2018,Before,24.5,7.23,886,64,228,154,569,441,104,0,14.4,53
Buriganga River,Bangladesh China Friendship Bridge ,2,2018,Before,24.6,7.22,890,61,336,135,468,442,109,0,16.2,60
Buriganga River,Pagla ,2,2018,Before,24.6,7.27,898,65,326,94.4,448,445,73,0,12.6,49
Turag River,Near Gabtoli Bridge ,3,2018,Before,28.5,7.42,1148,83,328,86,704,598,106,1.47,12.4,38
Turag River,Mirpur Diabari BIWTA Landing Station  ,3,2018,Before,28.5,7.49,1135,82,356,93,714,591,123,1.07,24,112
Turag River,Asshulia BIWTA Landing Station ,3,2018,Before,28.8,7.62,1343,82,366,120,835,695,140,0.5,18.4,84
Turag River,Tongi Istima Mat,3,2018,Before,28.4,7.84,1418,83,368,128,892,746,148,0.9,22.4,86
Balu River,"Near Jabar & Jubair Fabrics Ltd, Tongi",3,2018,Before,28.8,7.41,1198,130,368,166,788,610,106,0.27,48,228
Balu River,"Near Hossain Dyeing Ltd, Pagar, Tongi",3,2018,Before,28.4,7.16,1143,82,344,59,838,650,166,0,44,212
Shitalakhya River,Demra Ghat,3,2018,Before,28.3,7.1,809,70,322,55.7,496,411,86,0,18.4,76
Buriganga River,Mirpur Bridge,3,2018,Before,28.9,7.6,1043,70,332,67,695,569,126,0.23,18.4,91
Buriganga River,Hazaribagh,3,2018,Before,28.6,7.64,886,68,360,83.8,578,482,96,0.25,16.4,79
Buriganga River,Kamrangir Char,3,2018,Before,28.3,7.62,890,66,342,95.8,562,485,82,0.2,14.4,69
Buriganga River,Chadnighat,3,2018,Before,28.3,7.61,896,67,340,82.7,567,496,71,0.59,15.6,45
Buriganga River,Sadar Ghat,3,2018,Before,28.2,7.62,914,66,338,79.5,583,498,85,0.26,14,50
Buriganga River,Dholaikhal ,3,2018,Before,28,7.67,913,73,390,87.3,591,499,92,0.28,18.4,72
Buriganga River,Bangladesh China Friendship Bridge ,3,2018,Before,28.3,7.6,932,69,410,68.3,595,504,91,0.29,12.4,57
Buriganga River,Pagla ,3,2018,Before,28,7.52,890,68,386,76.9,580,480,100,0.31,14.6,65
Shitalakhya River,Near Ghorashal Fertilizer Factory,4,2018,Before,28.7,8.24,376,18,210,7.85,225,199.6,26,4.8,8,18
Turag River,Near Gabtoli Bridge ,5,2018,Before,28.9,7.34,378,34,328,18.1,226,167.9,59,1.26,12.4,50
Turag River,Mirpur Diabari BIWTA Landing Station  ,5,2018,Before,28.8,7.3,353,35,356,23.5,217,155.8,62,1.68,24,76
Turag River,Asshulia BIWTA Landing Station ,5,2018,Before,29,7.29,293,33,366,19.2,176,129.8,47,1.83,18.4,39
Turag River,Tongi Istima Mat,5,2018,Before,29.7,7.34,382,36,368,12.3,198,150.1,48,2.22,22.4,49
Balu River,"Near Jabar & Jubair Fabrics Ltd, Tongi",5,2018,Before,31.6,7.83,767,35,368,21.2,397,325,72,0.92,48,98
Balu River,"Near Hossain Dyeing Ltd, Pagar, Tongi",5,2018,Before,31.7,7.75,514,40,344,25.2,291,218,73,0.38,44,102
Balu River,"Near Damra University College, Demra Dhaka",5,2018,Before,30.7,7.83,310,12,224,20.1,162,132,30,0.62,7.5,32
Shitalakhya River,Demra Ghat,5,2018,Before,30.2,7.69,164,7,220,26,94,70,24,2.06,6.8,30
Buriganga River,Mirpur Bridge,5,2018,Before,29.2,7.45,314,30,332,30.5,169,138.5,31,2.1,18.4,91
Buriganga River,Hazaribagh,5,2018,Before,28.9,7.39,374,32,360,21.6,193,166.3,27,1.69,16.4,79
Buriganga River,Kamrangir Char,5,2018,Before,29.1,7.39,375,35,342,19.3,191,165.7,26,1.21,14.4,69
Buriganga River,Chadnighat,5,2018,Before,29.4,7.29,378,32,340,19.8,196,166.1,30,1.37,15.6,45
Buriganga River,Sadar Ghat,5,2018,Before,29.1,7.3,375,32,338,18.7,192,166.2,26,1.86,14,50
Buriganga River,Dholaikhal ,5,2018,Before,28.6,7.32,374,33,390,27.6,211,167.1,44,0.96,18.4,72
Buriganga River,Bangladesh China Friendship Bridge ,5,2018,Before,29,7.28,391,33,410,19.4,202,173.7,29,1.18,12.4,57
Turag River,Near Gabtoli Bridge ,6,2018,Before,30,7.2,84.1,5,40,27.7,64.8,35.8,27,3.42,7.2,20
Turag River,Mirpur Diabari BIWTA Landing Station  ,6,2018,Before,30.9,7.59,97.9,6,40,29.8,74.1,41.1,33,4.54,5.2,18
Turag River,Asshulia BIWTA Landing Station ,6,2018,Before,30.4,7.15,83.6,8,44,16.5,47.4,35.4,12,4.2,2.4,16
Turag River,Tongi Istima Mat,6,2018,Before,30.4,7.03,85.7,8,38,17.1,49.3,36.3,13,2.72,4.6,18
Buriganga River,Mirpur Bridge,6,2018,Before,31.1,7.54,88.7,23,40,35.7,73.1,37.1,36,3.97,8,36
Buriganga River,Hazaribagh,6,2018,Before,31,7.35,115.7,17,54,14.9,63.4,48.4,15,2.32,8.8,36
Buriganga River,Kamrangir Char,6,2018,Before,30.4,7.42,114.6,16,54,13.2,64.6,48.6,16,0.66,7.6,31
Buriganga River,Chadnighat,6,2018,Before,30.2,7.26,122.1,20,52,11.5,69.1,52.1,17,1.56,10,41
Buriganga River,Sadar Ghat,6,2018,Before,30.2,7.31,116.1,19,50,10.9,63.5,49.5,14,0.75,10,43
Buriganga River,Dholaikhal ,6,2018,Before,30.3,7.23,117.6,22,52,11.3,65,50,15,1.07,12,51
Buriganga River,Bangladesh China Friendship Bridge ,6,2018,Before,30.3,7.28,121.4,27,54,6.92,66.6,51.6,15,1.02,10.8,41
Buriganga River,Pagla ,6,2018,Before,31.1,7.38,122.2,20,52,10.8,66.6,60.6,16,1.04,16.8,67
Turag River,Near Gabtoli Bridge ,7,2018,Before,28.9,7.34,110,12,56,122,172,55,117,4.8,6.1,10
Turag River,Mirpur Diabari BIWTA Landing Station  ,7,2018,Before,28.8,7.3,112,12,54,92.5,147,57,90,5.1,3.9,10
Turag River,Asshulia BIWTA Landing Station ,7,2018,Before,29,7.29,120,11,58,115,172.1,60.1,112,5.2,3,12
Turag River,Tongi Istima Mat,7,2018,Before,29.7,7.34,110,12,60,81.7,135.2,55.2,80,5.4,2.4,10
Balu River,"Near Jabar & Jubair Fabrics Ltd, Tongi",7,2018,Before,31.6,7.83,120,12,58,76.6,150,61.8,89,5.3,3.3,10
Balu River,"Near Hossain Dyeing Ltd, Pagar, Tongi",7,2018,Before,31.7,7.75,110,11,60,78.2,141,55.6,76,5.3,3.3,10
Balu River,"Near Damra University College, Demra Dhaka",7,2018,Before,30.8,7.86,108,12,62,77.4,136,54,82,5.6,5.1,10
Shitalakhya River,Demra Ghat,7,2018,Before,30.9,7.76,86,11,64,76.6,129,43,86,6.2,2.3,12
Buriganga River,Mirpur Bridge,7,2018,Before,30,7.71,99.6,10,34,93.4,142.6,42.5,100,3.87,1.2,12
Buriganga River,Hazaribagh,7,2018,Before,29.2,7.6,95.9,10,34,84.6,140.5,41.5,99,4.11,1.6,10
Buriganga River,Kamrangir Char,7,2018,Before,29.3,7.58,96.4,9,44,83.3,143.7,41.7,102,3.36,1.6,12
Buriganga River,Chadnighat,7,2018,Before,29.1,7.61,96.1,8,46,72.9,110.8,41.8,69,3.74,2.6,10
Buriganga River,Sadar Ghat,7,2018,Before,29.1,7.65,96.5,8,40,78,108.9,41.9,67,3.36,2,10
Buriganga River,Dholaikhal ,7,2018,Before,29.2,7.53,98.9,9,50,71.6,128.9,42.9,86,3.66,2.4,12
Buriganga River,Bangladesh China Friendship Bridge ,7,2018,Before,29.3,7.59,99.3,10,54,58.5,120,43,77,3.54,1,9
Buriganga River,Pagla ,7,2018,Before,29.7,7.71,107,8,56,58.3,124.9,45.9,79,2.23,1.2,10
Turag River,Near Gabtoli Bridge ,8,2018,Before,28.9,7.34,110,12,56,122,172,55,117,4.8,6.1,10
Turag River,Mirpur Diabari BIWTA Landing Station  ,8,2018,Before,28.8,7.3,112,12,54,92.5,147,57,90,5.1,3.9,10
Turag River,Asshulia BIWTA Landing Station ,8,2018,Before,29,7.29,120,11,58,115,172.1,60.1,112,5.2,3,12
Turag River,Tongi Istima Mat,8,2018,Before,29.7,7.34,110,12,60,81.7,135.2,55.2,80,5.4,2.4,10
Balu River,"Near Jabar & Jubair Fabrics Ltd, Tongi",8,2018,Before,31.6,7.83,120,12,58,76.6,150,61.8,89,5.3,3.3,10
Balu River,"Near Hossain Dyeing Ltd, Pagar, Tongi",8,2018,Before,31.7,7.75,110,11,60,78.2,141,55.6,76,5.3,3.3,10
Balu River,"Near Balu Bridge, 300 feet Road,  Dhaka",8,2018,Before,30,7.64,97.7,NAN,NAN,8,NAN,41.3,10,2.53,1.6,13
Balu River,"Near Damra University College, Demra Dhaka",8,2018,Before,30.6,7.8,105.2,12,62,77.4,136,45,82,3.04,5.1,10
Shitalakhya River,Demra Ghat,8,2018,Before,30.1,8.66,87.8,11,64,76.6,129,37.4,86,5.79,2.3,12
Buriganga River,Mirpur Bridge,8,2018,Before,31.2,7.3,172.9,10,34,93.4,142.6,72.6,100,5.28,1.2,12
Buriganga River,Hazaribagh,8,2018,Before,31.2,7.21,171.2,10,34,84.6,140.5,71.9,99,5.26,1.6,10
Buriganga River,Kamrangir Char,8,2018,Before,30.6,7.03,171.6,9,44,83.3,143.7,72.9,102,5.27,1.6,12
Buriganga River,Chadnighat,8,2018,Before,30.8,7.26,174,8,46,72.9,110.8,73.6,69,4.84,2.6,10
Buriganga River,Sadar Ghat,8,2018,Before,30.4,7.42,171.4,8,40,78,108.9,71.1,67,4.93,2,10
Buriganga River,Dholaikhal ,8,2018,Before,30.4,6.49,174.1,9,50,71.6,128.9,74.2,86,2.69,2.4,12
Buriganga River,Bangladesh China Friendship Bridge ,8,2018,Before,30.7,7.44,175.3,10,54,58.5,120,74.3,77,4.07,1,9
Turag River,Near Gabtoli Bridge ,9,2018,Before,28.2,8.04,91.1,8,56,32.7,172,40.4,31,5.96,1.6,10
Turag River,Mirpur Diabari BIWTA Landing Station  ,9,2018,Before,28.3,8.48,91.4,8,54,39.4,147,40.4,44,5.73,1.8,14
Turag River,Asshulia BIWTA Landing Station ,9,2018,Before,30.8,8.41,115.9,12,58,20.5,172.1,48.7,14,6.32,2.4,14
Turag River,Tongi Istima Mat,9,2018,Before,29.5,8.32,98.1,6,60,22.8,135.2,42.7,14,5.44,1.8,10
Balu River,"Near Jabar & Jubair Fabrics Ltd, Tongi",9,2018,Before,28.8,8.28,163,8,58,14.1,73.7,73.7,10,4.99,4.6,19
Balu River,"Near Hossain Dyeing Ltd, Pagar, Tongi",9,2018,Before,31.7,7.75,107.7,7,60,15.2,141,47.7,15,5.23,5.2,22
Balu River,"Near Balu Bridge, 300 feet Road,  Dhaka",9,2018,Before,30,7.29,196.1,8,NAN,7.34,NAN,96.3,10,2.53,1.6,12
Balu River,"Near Damra University College, Demra Dhaka",9,2018,Before,30.6,7.8,105.2,9,62,77.4,136,45,82,3.04,5.2,10
Shitalakhya River,Demra Ghat,9,2018,Before,30.1,8.66,87.8,8,64,24.5,NAN,37.4,25,5.79,2.4,12
Shitalakhya River,Near Ghorashal Fertilizer Factory,9,2018,Before,29.1,7.36,158.6,7,58,24.5,162,77.6,25,6.2,1.4,11
Shitalakhya River,Near ACI Factory,9,2018,Before,NAN,7.24,312,NAN,110,NAN,NAN,155.1,NAN,3.8,12.4,61
Buriganga River,Mirpur Bridge,9,2018,Before,31.2,8.17,189.8,10,56,37.4,105.8,79.8,26,4.93,2,12
Buriganga River,Hazaribagh,9,2018,Before,30.6,7.31,194.5,10,56,28.5,112.7,82.7,30,4.28,2.2,10
Buriganga River,Kamrangir Char,9,2018,Before,30.7,7.29,191.5,12,52,31.7,109.3,81.3,28,3.53,2.4,10
Buriganga River,Chadnighat,9,2018,Before,30.2,6.85,189.3,11,48,21.7,96.2,80.2,16,3.47,2.6,12
Buriganga River,Sadar Ghat,9,2018,Before,30.8,7.25,189.1,12,48,29.2,104,80,24,3.55,2,10
Buriganga River,Dholaikhal ,9,2018,Before,30.8,7.15,192.9,11,50,36.3,115.5,81.4,34,2.97,2.4,10
Buriganga River,Bangladesh China Friendship Bridge ,9,2018,Before,30.4,7.29,189.3,10,52,20.1,93.4,80.4,13,3.09,5.6,14
Turag River,Near Gabtoli Bridge ,10,2018,Before,28.6,7.11,259,6,38,26,103.5,113.9,28,4,1.2,10
Turag River,Mirpur Diabari BIWTA Landing Station  ,10,2018,Before,28.9,7.13,259,14,40,28.1,114.6,114.3,31,3.99,1.4,10
Turag River,Asshulia BIWTA Landing Station ,10,2018,Before,29.4,7.39,252,8,42,28,107.2,109.6,34,6.04,1.2,15
Turag River,Tongi Istima Mat,10,2018,Before,29.7,7.45,279,5,44,42.6,122,119.8,48,4.29,1.6,12
Shitalakhya River,Demra Ghat,10,2018,Before,29.6,7.38,131.7,11,42,14,85.2,66.2,19,5,2.8,15
Shitalakhya River,Near Ghorashal Fertilizer Factory,10,2018,Before,29.8,7.49,121.7,8,36,36,100.2,61.2,39,5,2.4,10
Balu River,"Near Jabar & Jubair Fabrics Ltd, Tongi",10,2018,Before,29.8,7.38,259,8,50,28.9,159,130,29,4.33,1.2,27
Balu River,"Near Hossain Dyeing Ltd, Pagar, Tongi",10,2018,Before,30,7.37,179.7,7,42,26.2,120,90,30,3.76,1.4,15
Balu River,"Near Damra University College, Demra Dhaka",10,2018,Before,29.8,7.28,166,8,42,19.4,100.7,83.7,17,5.2,1.2,10
Buriganga River,Mirpur Bridge,10,2018,Before,28.2,8.81,138.3,8,40,25.8,128,61.8,57,3.7,1.8,12
Buriganga River,Hazaribagh,10,2018,Before,28.4,8.21,133.5,9,42,24.6,140.4,58,56,3.1,2.1,12
Buriganga River,Kamrangir Char,10,2018,Before,28.6,7.98,132.3,8,60,21.6,135.1,58,54,2.61,1.8,10
Buriganga River,Chadnighat,10,2018,Before,27.9,7.67,132.7,9,46,20,132.7,59,52,2.47,2.4,10
Buriganga River,Sadar Ghat,10,2018,Before,28.3,7.91,134.6,9,44,19.8,134,59.6,53,1.62,1.8,12
Buriganga River,Dholaikhal ,10,2018,Before,28.2,7.8,137,10,42,21.9,144.2,60.8,53,1.55,1.6,27
Buriganga River,Bangladesh China Friendship Bridge ,10,2018,Before,28.2,7.92,138,10,44,19.9,134.8,61.5,52,0.86,2.2,10
Buriganga River,Pagla ,10,2018,Before,28,7.81,140.9,9,46,21,139.2,62.8,52,1.09,1.8,10
Turag River,Near Gabtoli Bridge ,11,2018,Before,21.6,7.46,322,7,36,29,448,322,126,3,11.4,22
Turag River,Mirpur Diabari BIWTA Landing Station  ,11,2018,Before,21.9,7.72,301,13,38,30.1,422,301,121,2.9,8,10
Turag River,Asshulia BIWTA Landing Station ,11,2018,Before,20.4,7.82,287,9,40,31,398.6,287.6,111,5,9.2,41
Turag River,Tongi Istima Mat,11,2018,Before,20.7,7.72,304,5,42,43.6,406,304,102,3.79,7.2,27
Shitalakhya River,Demra Ghat,11,2018,Before,29.6,7.38,131.7,11,42,14,85.2,66.2,19,5,2.8,20.9
Shitalakhya River,Near Ghorashal Fertilizer Factory,11,2018,Before,29.8,7.49,121.7,8,36,36,100.2,61.2,39,5,2.4,10
Balu River,"Near Jabar & Jubair Fabrics Ltd, Tongi",11,2018,Before,21.2,9.1,922,48,80,33,522,466,56,0,20,66
Balu River,"Near Hossain Dyeing Ltd, Pagar, Tongi",11,2018,Before,20.9,7.19,1176,52,90,65.3,705,632,73,0.8,15,61
Balu River,"Near Damra University College, Demra Dhaka",11,2018,Before,20.8,7.2,166,22,50,20.9,447,432,15,3.2,9,27
Buriganga River,Mirpur Bridge,11,2018,Before,21.2,7.41,565,18,120,26.8,418,298,120,2,10,22
Buriganga River,Hazaribagh,11,2018,Before,20.4,7.43,547,19,123,26.6,409,287,122,2,6,19
Buriganga River,Kamrangir Char,11,2018,Before,20.6,7.67,530,17,130,24.6,386,281,105,2.08,2.8,10
Buriganga River,Chadnighat,11,2018,Before,21.9,7.57,535,21,142,22,398,283,115,2.4,2.5,10
Buriganga River,Sadar Ghat,11,2018,Before,20.3,7.7,540,18,132,24.8,398,287,111,2,4.4,17
Buriganga River,Dholaikhal ,11,2018,Before,21.1,7.22,681,19,134,23.9,527,361,166,2.34,3.6,25
Buriganga River,Bangladesh China Friendship Bridge ,11,2018,Before,21.2,7.53,560,17.9,126,22.9,409,292,117,1.98,10.2,34
Buriganga River,Pagla ,11,2018,Before,21.6,7.38,567,19,135,24,416,298,118,1.69,2.8,12
Turag River,Near Gabtoli Bridge ,12,2018,Before,22.3,7.48,676,35,170,50.3,429,348,81,2.1,4,39
Turag River,Mirpur Diabari BIWTA Landing Station  ,12,2018,Before,22.3,7.59,701,35,160,21.9,398,363,29,2,4.1,34
Turag River,Asshulia BIWTA Landing Station ,12,2018,Before,22.4,7.61,751,35,166,28,432,389,43,2.5,7.1,34
Turag River,Tongi Istima Mat,12,2018,Before,22.4,22.4,748,35,164,23.7,438,405,33,1.9,4.9,36
Shitalakhya River,Demra Ghat,12,2018,Before,29.6,7.38,131.7,11,42,14,85.2,66.2,19,5,2.8,15
Shitalakhya River,Near Ghorashal Fertilizer Factory,12,2018,Before,22.1,7.71,366,8,36,16,100.2,187.2,23,5.2,2.4,10
Balu River,"Near Jabar & Jubair Fabrics Ltd, Tongi",12,2018,Before,22.4,7.47,625,52,180,12.7,369,321,48,0.8,20,56
Balu River,"Near Hossain Dyeing Ltd, Pagar, Tongi",12,2018,Before,23.9,7.4,421,52,180,31.1,234,214.3,20,0.5,13,52
Balu River,"Near Balu Bridge, 300 feet Road,  Dhaka",12,2018,Before,22.3,7.7,475,25,120,10.2,155,138,17,1.2,9,15
Balu River,"Near Damra University College, Demra Dhaka",12,2018,Before,22.4,7.7,480,24,120,10.2,157,139,18,1.2,10,29
Buriganga River,Mirpur Bridge,12,2018,Before,23.7,6.75,672,25,110,8.11,346,335,11,1.9,20,65
Buriganga River,Hazaribagh,12,2018,Before,24,7.04,660,25,120,7.44,344,327,17,1.93,12,38
Buriganga River,Kamrangir Char,12,2018,Before,24,7.11,663,25,120,3.42,339,330,9,2.1,14.4,46
Buriganga River,Chadnighat,12,2018,Before,27.5,7.17,665,26,110,4.56,352,335,17,2.1,5.8,19
Buriganga River,Sadar Ghat,12,2018,Before,24.6,7.07,670,27,110,4.54,339,329,10,1.8,7,24
Buriganga River,Dholaikhal ,12,2018,Before,24.7,7.14,675,28,140,25.9,340,330,10,2.2,12.3,53
Buriganga River,Bangladesh China Friendship Bridge ,12,2018,Before,24.5,7.18,664,29,150,23.71,331,321,10,0.98,9.6,29
Buriganga River,Pagla ,12,2018,Before,24.4,7.07,668,28,160,23.98,353,329,24,0.9,10.4,34
Turag River,Near Gabtoli Bridge ,1,2019,Before,21.9,7.98,333,10,270,15.4,190,170,20,0.17,25,72
Turag River,Mirpur Diabari BIWTA Landing Station  ,1,2019,Before,23.5,7.64,331,11,274,30.6,209,163,46,0.31,27,97
Turag River,Asshulia BIWTA Landing Station ,1,2019,Before,23.6,8.39,430,12,272,19.3,240,212,28,1.5,26,70
Turag River,Tongi Istima Mat,1,2019,Before,25.9,8.12,464,13,270,13,240,218,22,2.4,25,75
Balu River,"Near Jabar & Jubair Fabrics Ltd, Tongi",1,2019,Before,27.3,8.5,1000,38,272,29,525,470,55,1.16,32,120
Balu River,"Near Hossain Dyeing Ltd, Pagar, Tongi",1,2019,Before,26.2,7.93,672,25,270,53,745,672,73,1,27,93
Balu River,"Near Damra University College, Demra Dhaka",1,2019,Before,21.6,7.35,712,24,228,32,523,423,100,0,28,90
Balu River,"Near Balu Bridge, 300 feet Road,  Dhaka",1,2019,Before,22.8,7.5,1248,42,258,30,768,648,120,0,30,97
Shitalakhya River,Near Ghorashal Fertilizer Factory,1,2019,Before,20,7.32,512,26,154,36,330,260,70,6.5,6,36
Shitalakhya River,Near ACI Factory,1,2019,Before,22.9,7.3,817,25,150,42,490,418,72,2.1,10,41
Buriganga River,Mirpur Bridge,1,2019,Before,21.7,7.52,661,25,220,23,381,345,36,0.76,12,40
Buriganga River,Hazaribagh,1,2019,Before,22.1,7.27,714,24,224,11,393,371,22,0.81,18,45
Buriganga River,Kamrangir Char,1,2019,Before,22.1,7.44,712,23,226,12,406,376,30,0.96,14,38
Buriganga River,Chadnighat,1,2019,Before,22.3,7.41,701,24,232,14,386,370,16,0.7,12,32
Buriganga River,Sadar Ghat,1,2019,Before,22.5,7.41,699,22,244,10,407,377,30,0.46,14,48
Buriganga River,Dholaikhal ,1,2019,Before,22.4,7.69,710,24,240,33,405,344,61,1.2,16,42
Buriganga River,Bangladesh China Friendship Bridge ,1,2019,Before,22.5,7.65,690,23,242,12,396,374,22,0.23,18,50
Turag River,Near Gabtoli Bridge ,2,2019,Before,22.3,7.02,476,95,160,42,294,244,50,0.21,22,68
Turag River,Mirpur Diabari BIWTA Landing Station  ,2,2019,Before,22,7.12,538,67,162,40,322,270,52,0.18,24,72
Turag River,Asshulia BIWTA Landing Station ,2,2019,Before,22.3,7.16,550,95,158,42,327,277,50,0.17,24,68
Turag River,Tongi Istima Mat,2,2019,Before,22.4,7.18,552,91,162,40,324,278,46,0.18,20,54
Balu River,"Near Hossain Dyeing Ltd, Pagar, Tongi",2,2019,Before,25,7.95,1250,26,271,45,792,672,120,1.2,28,92
Balu River,"Near Damra University College, Demra Dhaka",2,2019,Before,21.5,7.2,888,24,228,32,657,470,187,0.5,26,96
Balu River,"Near Balu Bridge, 300 feet Road,  Dhaka",2,2019,Before,22,7.13,1260,43,260,35,832,652,180,0.36,27,97
Shitalakhya River,Near Ghorashal Fertilizer Factory,2,2019,Before,21.6,7.28,827,16,221,44.7,482,436,46,5.6,4.2,12
Shitalakhya River,Near ACI Factory,2,2019,Before,22.8,7.21,247,16,140,69.2,185,118.2,45,2.4,15,50
Shitalakhya River,Demra Ghat,2,2019,Before,21.6,7.28,398,15,44,44.7,235.8,192.8,43,0.6,30,112
Buriganga River,Mirpur Bridge,2,2019,Before,23.2,8.27,513,23,218,81,407,257,150,0.44,8.4,27
Buriganga River,Hazaribagh,2,2019,Before,26.1,7.72,494,21,217,25.8,311,234,77,0.32,7.8,25
Buriganga River,Kamrangir Char,2,2019,Before,25,8.12,472,22,218,39,335,237,98,0.38,7.2,24
Buriganga River,Chadnighat,2,2019,Before,24.2,8.06,470,23,217,28.2,318,238,80,0.3,6.6,20
Buriganga River,Sadar Ghat,2,2019,Before,23.9,8.01,469,24,218,52.2,323,232,91,0.51,20.4,58
Buriganga River,Dholaikhal ,2,2019,Before,23.2,8.11,467,22,218,37.3,349,236,113,0.46,9,27
Buriganga River,Bangladesh China Friendship Bridge ,2,2019,Before,22.9,8.11,455,23,217,46.7,345,225,120,0.27,18,53
Balu River,"Near Damra University College, Demra Dhaka",3,2019,Before,28.2,7.49,1015,62,266,64,582,469,123,0,29.1,100
Balu River,"Near Balu Bridge, 300 feet Road,  Dhaka",3,2019,Before,27.7,7.44,984,64,270,77,578,458,120,0,28,98
Buriganga River,Mirpur Bridge,3,2019,Before,27.7,7.36,1043,84,66,48,630,487,143,0.34,26,92
Buriganga River,Hazaribagh,3,2019,Before,27.5,7.4,1084,92,64,21,592,508,84,0.32,20,65
Buriganga River,Kamrangir Char,3,2019,Before,27.5,7.55,1081,90,70,70,612,506,106,0.41,21,72
Buriganga River,Chadnighat,3,2019,Before,27.6,7.52,1084,92,230,182,890,707,183,0.53,24,99
Buriganga River,Sadar Ghat,3,2019,Before,27.6,7.52,1084,94,80,48,610,508,102,0.29,23,109
Buriganga River,Dholaikhal ,3,2019,Before,27.9,7.41,1124,90,82,20,605,523,82,0.3,34,120
Buriganga River,Bangladesh China Friendship Bridge ,3,2019,Before,27.6,7.34,1079,90,70,56,646,504,142,0.31,24,72
Turag River,Near Gabtoli Bridge ,4,2019,Before,26.5,7.37,813,27,230,50.1,500,386,114,0.12,16.2,100
Turag River,Mirpur Diabari BIWTA Landing Station  ,4,2019,Before,26,7.41,954,30,235,78.3,623,457,166,0,11,86
Turag River,Asshulia BIWTA Landing Station ,4,2019,Before,26.3,7.43,783,25,228,37.4,479,375,104,0,44.5,191
Turag River,Tongi Istima Mat,4,2019,Before,26.4,7.16,864,28,232,63.7,591,412,179,0,62.4,225
Balu River,"Near Jabar & Jubair Fabrics Ltd, Tongi",4,2019,Before,20,7.58,770,26,229,78.3,518,398,120,0.5,20,60
Balu River,"Near Hossain Dyeing Ltd, Pagar, Tongi",4,2019,Before,19.9,7.59,786,27,230,80.3,559,427,132,0,22,65
Balu River,"Near Damra University College, Demra Dhaka",4,2019,Before,26.7,8.14,1902,109,350,567,1078,924,154,0.21,56.5,224
Balu River,"Near Balu Bridge, 300 feet Road,  Dhaka",4,2019,Before,25.3,8.4,2165,115,365,283,1479,1089,390,0.1,60,212
Shitalakhya River,Near Ghorashal Fertilizer Factory,4,2019,Before,20.8,7.15,430,30,117,12,222,210,12,5.3,3.2,8
Shitalakhya River,Near ACI Factory,4,2019,Before,22.9,7.8,810,39,122,18.3,420,402,18,1.2,13,38
Shitalakhya River,Demra Ghat,4,2019,Before,19.4,7.29,380,27,112,85.6,200,190.2,10,1,12,40
Buriganga River,Mirpur Bridge,4,2019,Before,30.1,8.31,620,45,320,25,319,272,47,0.41,20,92
Buriganga River,Hazaribagh,4,2019,Before,30.8,8.26,632,42,310,19.2,318,281,37,0.2,18,65
Buriganga River,Kamrangir Char,4,2019,Before,29.7,8.17,628,43,308,22.4,317,278,39,0.38,20,72
Buriganga River,Chadnighat,4,2019,Before,29.3,8.1,609,40,312,27.8,302,260,42,0.3,18,99
Buriganga River,Sadar Ghat,4,2019,Before,30,8.14,603,40,320,20.3,296,255,41,0.39,21,109
Buriganga River,Dholaikhal ,4,2019,Before,29.4,8.13,611,40,340,19.6,293,261,32,0.53,25,110
Buriganga River,Bangladesh China Friendship Bridge ,4,2019,Before,29.8,8.21,614,42,324,34.1,325,263,62,0.29,21,97
Buriganga River,Pagla ,4,2019,Before,29.7,8.08,634,42,324,18.8,276,243,33,0.48,22,90
Turag River,Near Gabtoli Bridge ,5,2019,Before,19.8,7.02,522,46,196,35.7,336,283,53,1.5,16,180
Turag River,Mirpur Diabari BIWTA Landing Station  ,5,2019,Before,19.6,7.08,518,99,205,0.05,317,282,35,0.5,20,238
Turag River,Asshulia BIWTA Landing Station ,5,2019,Before,20,7.25,794,46,249,27.9,484,435,49,2,29,87
Turag River,Tongi Istima Mat,5,2019,Before,18.1,7.28,554,59,170,33.1,375,313,62,3,27,83
Balu River,"Near Jabar & Jubair Fabrics Ltd, Tongi",5,2019,Before,17.8,7.49,775,55,125,41.5,525,445,80,0,41,172
Balu River,"Near Hossain Dyeing Ltd, Pagar, Tongi",5,2019,Before,19.2,6.94,538,29,125,23.9,330,302,28,2.3,26,85
Balu River,"Near Damra University College, Demra Dhaka",5,2019,Before,23.8,7.2,361,26,116,8.95,189,178,11,1.4,7,87
Balu River,"Near Balu Bridge, 300 feet Road,  Dhaka",5,2019,Before,23.8,7.4,724,57,219,31.2,406,362,44,0,7,53
Shitalakhya River,Near Ghorashal Fertilizer Factory,5,2019,Before,23.6,6.3,405,90,24,5,160,154,6,5.6,5,18
Shitalakhya River,Near ACI Factory,5,2019,Before,21.4,6.92,779,121,30,12,417,412,5,1.8,9,27
Shitalakhya River,Demra Ghat,5,2019,Before,23.9,7.2,361,109,25,7,186,178,8,1.4,10,36
Buriganga River,Mirpur Bridge,5,2019,Before,24,7.37,754,60,180,24.3,401,378,23,0.82,12,66
Buriganga River,Hazaribagh,5,2019,Before,23.8,7.41,735,67,192,39.8,417,368,49,0.29,8,78
Buriganga River,Kamrangir Char,5,2019,Before,23.7,7.42,711,64,205,16.1,378,356,22,0.78,13,58
Buriganga River,Chadnighat,5,2019,Before,23.7,7.41,704,60,209,15.3,376,353,23,0.25,16,58
Buriganga River,Sadar Ghat,5,2019,Before,23.9,7.38,719,62,215,23.8,395,359,36,0.68,8,121
Buriganga River,Dholaikhal ,5,2019,Before,23.8,7.52,727,61,210,53.7,441,363,78,0.37,8,90
Buriganga River,Bangladesh China Friendship Bridge ,5,2019,Before,23.8,7.49,718,65,215,24.6,402,359,43,0.69,13,90
Buriganga River,Pagla ,5,2019,Before,23.5,7.46,758,66,235,27.9,415,380,35,0.89,10,160
Turag River,Near Gabtoli Bridge ,6,2019,Before,27,7.08,208,18,136,16,105,95,10,2,10,31
Turag River,Mirpur Diabari BIWTA Landing Station  ,6,2019,Before,26.6,7.01,196,19,126,16,103,90,13,1,12,41
Turag River,Asshulia BIWTA Landing Station ,6,2019,Before,27.2,7.34,210,20,186,17,110,96,14,3.8,12,46
Turag River,Tongi Istima Mat,6,2019,Before,27,7.08,514,21,170,22,158,236,22,4,15,46
Balu River,"Near Jabar & Jubair Fabrics Ltd, Tongi",6,2019,Before,27,7.42,657,55,149,17.8,325,307,18,1.5,12,45
Balu River,"Near Hossain Dyeing Ltd, Pagar, Tongi",6,2019,Before,26.4,7,551,29,108,23,291,258,33,0.4,14,51
Balu River,"Near Damra University College, Demra Dhaka",6,2019,Before,27.9,7.37,169,28,66,24.2,86,76,10,0,10,42
Balu River,"Near Balu Bridge, 300 feet Road,  Dhaka",6,2019,Before,28.2,7.15,390,17,124,14.5,192,176,16,0,12,40
Shitalakhya River,Near ACI Factory,6,2019,Before,24.6,6.52,276,32,94,9.4,131,130,1,0.8,8,28
Shitalakhya River,Demra Ghat,6,2019,Before,28.1,6.94,165,17,56,15,90,74,16,1,10,36
Buriganga River,Mirpur Bridge,6,2019,Before,26.7,6.87,490,14,61,19,231,226,5,1.6,6.5,12
Buriganga River,Hazaribagh,6,2019,Before,26.7,6.94,483,17,62,14,238,224,14,0.8,8,14
Buriganga River,Kamrangir Char,6,2019,Before,26.7,6.96,253,18,60,19,129,116,13,0.4,8,26
Buriganga River,Chadnighat,6,2019,Before,26.6,6.99,257,20,64,21,119,109,10,0.2,8.5,30
Buriganga River,Sadar Ghat,6,2019,Before,26.8,7.04,227,15,65,19,119,105,14,0.7,6.5,12
Buriganga River,Dholaikhal ,6,2019,Before,26.2,7.03,229,17,62,20,122,105,17,0.7,6.5,10
Buriganga River,Bangladesh China Friendship Bridge ,6,2019,Before,26.7,7.02,244,18,63,16.2,124,112,12,0.5,7,18
Turag River,Near Gabtoli Bridge ,7,2019,Before,20.7,7.23,148,7.5,47,22.8,96.7,76.7,20,3.2,3.9,46
Turag River,Mirpur Diabari BIWTA Landing Station  ,7,2019,Before,20.5,7.08,145.2,9,50,22.6,94.5,75.5,19,2.1,5.4,22
Turag River,Asshulia BIWTA Landing Station ,7,2019,Before,21.2,6.99,125.7,6,46,10.4,71.4,64.4,7,3,5.2,17
Turag River,Tongi Istima Mat,7,2019,Before,20.3,7.23,125.3,8,45,12.5,87.2,75.2,12,3.1,4,20
Balu River,"Near Jabar & Jubair Fabrics Ltd, Tongi",7,2019,Before,26,7.4,650,52,143,17.8,303,288,15,2.5,6.2,38
Balu River,"Near Hossain Dyeing Ltd, Pagar, Tongi",7,2019,Before,20.5,7.07,153.6,9,62,7.54,85,80,5,0,6.6,22
Balu River,"Near Damra University College, Demra Dhaka",7,2019,Before,20.4,7.21,144,8,58,10.1,81.1,75.1,6,1,6.2,18
Balu River,"Near Balu Bridge, 300 feet Road,  Dhaka",7,2019,Before,23.1,6.73,168,7,51,11,90,83,7,1.5,6.5,22
Shitalakhya River,Near Ghorashal Fertilizer Factory,7,2019,Before,20.1,6.72,108.6,5,50,34.4,93.7,56.7,37,3.4,0.9,8
Shitalakhya River,Demra Ghat,7,2019,Before,23.2,6.9,125.7,6,48,37.9,73.7,61.7,12,3,3,22
Buriganga River,Mirpur Bridge,7,2019,Before,26.1,7.15,188.2,10.5,60,24.3,100.2,87.2,13,2.5,4.5,10
Buriganga River,Hazaribagh,7,2019,Before,26.3,7.54,215.5,12,109,7.21,108.7,99.7,9,2.2,4,12
Buriganga River,Kamrangir Char,7,2019,Before,26.3,6.89,164,12,68,6.81,80.6,75.6,5,1.3,5,24
Buriganga River,Chadnighat,7,2019,Before,26.5,6.79,226,16,107,7.81,111.1,104.1,7,1,5.5,28
Buriganga River,Sadar Ghat,7,2019,Before,26.4,6.8,191,13,85,12.7,106.1,88.1,18,1.1,5.5,14
Buriganga River,Dholaikhal ,7,2019,Before,25.7,6.81,180.8,14,87,5.96,89.4,84.4,5,2,4.5,12
Buriganga River,Bangladesh China Friendship Bridge ,7,2019,Before,26.1,6.7,183.9,14.5,75,4.31,85.2,85.2,6,2.2,5,16
Buriganga River,Pagla ,7,2019,Before,26.2,6.71,187.2,66,81,4.34,87.7,86.7,10,2.3,6,10
Turag River,Near Gabtoli Bridge ,8,2019,Before,28.9,7.12,126.6,21,52,30.2,94,61,33,5.4,0.6,10
Turag River,Mirpur Diabari BIWTA Landing Station  ,8,2019,Before,28.9,6.96,148.3,24,45,23.3,93.8,71.8,22,4.7,12,22
Turag River,Asshulia BIWTA Landing Station ,8,2019,Before,28.7,7.18,167.8,18,42,35.5,119.8,80.8,39,6.2,0.9,8
Turag River,Tongi Istima Mat,8,2019,Before,29.2,7.22,172.6,22,50,34.6,86.3,86.3,126,5.5,2.4,9
Balu River,"Near Jabar & Jubair Fabrics Ltd, Tongi",8,2019,Before,29.3,7.85,146.5,25,68,28.2,108,75.3,32,5.1,4.2,20
Balu River,"Near Hossain Dyeing Ltd, Pagar, Tongi",8,2019,Before,28.9,7.84,145.1,24,70,29.3,112,77.2,35,5.3,5.1,21
Balu River,"Near Damra University College, Demra Dhaka",8,2019,Before,29.6,6.99,248,38,86,28.6,153,108,45,4.2,6.6,24
Balu River,"Near Balu Bridge, 300 feet Road,  Dhaka",8,2019,Before,29.2,7.33,172,26,78,32.8,128,86.3,42,5.2,4.8,18
Shitalakhya River,Demra Ghat,8,2019,Before,29.6,6.86,246,22,78,32.2,140.6,106.9,34,4.2,9.6,32
Shitalakhya River,Near Ghorashal Fertilizer Factory,8,2019,Before,29.7,7.92,129.6,9,66,42.5,99.3,60.3,39,5.4,3.9,9
Shitalakhya River,Near ACI Factory,8,2019,Before,29.3,7.23,234,16,86,34.6,155.4,113.4,42,3.8,8.4,24
Buriganga River,Mirpur Bridge,8,2019,Before,28.9,7.37,153.9,20,43,27.4,108,67.3,41,5.7,6,24
Buriganga River,Hazaribagh,8,2019,Before,28.9,7.23,160.4,24,52,14.8,83,70.2,13,4.6,3.6,26
Buriganga River,Kamrangir Char,8,2019,Before,29,7.1,162,24,55,16.4,86,71,15,4,4.2,12
Buriganga River,Chadnighat,8,2019,Before,29,7,173,25.5,45,10.4,91.8,75.8,16,2.3,3.2,10
Buriganga River,Sadar Ghat,8,2019,Before,29,7.14,169.5,30,59,8.62,81.3,74.3,7,3.2,4.6,12
Buriganga River,Dholaikhal ,8,2019,Before,28.9,7.09,159.9,27,51,10.5,86.1,70.1,16,3.6,5,12
Buriganga River,Bangladesh China Friendship Bridge ,8,2019,Before,29,7.1,162.6,17,42,9.77,81.2,71.2,10,3.8,4.4,12
Buriganga River,Pagla ,8,2019,Before,28.9,7.09,161.6,24.5,52,13.2,85.7,70.7,15,3.9,4.8,12
Turag River,Near Gabtoli Bridge ,9,2019,Before,28.9,7.22,176.6,10,110,24.8,117.3,93.3,24,4.5,8,24
Turag River,Mirpur Diabari BIWTA Landing Station  ,9,2019,Before,29.9,6.75,163,11,110,3.28,87.2,86.2,1,2.2,10,29
Turag River,Asshulia BIWTA Landing Station ,9,2019,Before,28.2,7.35,136,11,108,31.8,94.4,74.4,20,6,6,20
Turag River,Tongi Istima Mat,9,2019,Before,28.1,7.25,147,11,104,58.9,13.7,81,56,5,5.4,16
Balu River,"Near Jabar & Jubair Fabrics Ltd, Tongi",9,2019,Before,28.5,7.17,241,20,160,15.7,140.9,131.9,9,3.6,8,32
Balu River,"Near Hossain Dyeing Ltd, Pagar, Tongi",9,2019,Before,27.9,7.19,187,19,158,20.5,113.1,103.9,9,3.2,10,30
Balu River,"Near Damra University College, Demra Dhaka",9,2019,Before,29.4,7.2,243,20,156,22.9,156.1,128.1,26,2.1,12,36
Balu River,"Near Balu Bridge, 300 feet Road,  Dhaka",9,2019,Before,29.5,7.22,240,21,157,23,154.8,130.8,24,3,10,35
Shitalakhya River,Demra Ghat,9,2019,Before,29.8,7.4,164.6,12,114,22.9,107.1,87.1,20,4.6,4.8,17
Shitalakhya River,Near Ghorashal Fertilizer Factory,9,2019,Before,20,7.37,111.6,10,1166,135,67.9,65.9,120,5,2.3,14
Shitalakhya River,Near ACI Factory,9,2019,Before,20.1,7.3,120.2,12,115,23.1,103.1,85.1,18,4.7,4.2,18
Buriganga River,Mirpur Bridge,9,2019,Before,28.8,7.23,151.6,11,110,30.7,118,82,36,5,0.6,10
Buriganga River,Hazaribagh,9,2019,Before,28.1,7.05,170,12,114,16.7,112.9,92.9,20,3.2,3.1,12
Buriganga River,Kamrangir Char,9,2019,Before,26.8,7.12,175.3,10,110,32.6,112.7,88.7,24,3.3,2.1,15
Buriganga River,Chadnighat,9,2019,Before,27.4,7.06,167.6,12,108,17.5,97.1,93.1,4,2.1,3,7
Buriganga River,Sadar Ghat,9,2019,Before,28.4,6.93,173.6,10,110,25.6,118.9,94.9,24,2.8,4.2,19
Buriganga River,Dholaikhal ,9,2019,Before,29.3,6.97,177.6,12,112,5.14,107.7,102.7,5,2.9,4.3,5
Buriganga River,Bangladesh China Friendship Bridge ,9,2019,Before,28.6,6.9,191.3,13,108,22.1,108.6,96.6,12,3.2,6,29
Buriganga River,Pagla ,9,2019,Before,27.7,7.08,179.4,12,110,8.83,113.4,99.4,14,3,4.6,10
Turag River,Near Gabtoli Bridge ,10,2019,Before,16.9,7.23,189,12,120,33.1,145,107,39,4.5,8.2,46
Turag River,Mirpur Diabari BIWTA Landing Station  ,10,2019,Before,16.8,7.22,186,11,128,20.2,124,105,19,4.5,8,63
Turag River,Asshulia BIWTA Landing Station ,10,2019,Before,17.2,7.25,170,10,129,20,116.2,96,20.2,4.6,6.2,10
Turag River,Tongi Istima Mat,10,2019,Before,16.8,7.25,173,11,106,28.6,124,98,26,4,6,10
Balu River,"Near Jabar & Jubair Fabrics Ltd, Tongi",10,2019,Before,16.9,7.13,240,11,150,20.5,156,136,20,2.5,6,18
Balu River,"Near Hossain Dyeing Ltd, Pagar, Tongi",10,2019,Before,17.2,7.22,242,11,147,18.3,156,136,18,2.3,5.5,17
Balu River,"Near Damra University College, Demra Dhaka",10,2019,Before,18.1,7.29,193,18,184,14.7,129,106,23,2.2,5.9,15.9
Balu River,"Near Balu Bridge, 300 feet Road,  Dhaka",10,2019,Before,18.5,7.3,194,15,155,18.5,133,108,24,2.4,6,17.5
Shitalakhya River,Demra Ghat,10,2019,Before,18.1,7.46,320,11,158,15.3,16,178,187,4.5,2.4,41
Shitalakhya River,Near Ghorashal Fertilizer Factory,10,2019,Before,20.3,7.2,193,11,60,32.3,26,101,127,4.7,0.4,49
Shitalakhya River,Near ACI Factory,10,2019,Before,18.3,7.32,310,12,155,21.4,259,174,185,4.5,1.9,40
Buriganga River,Mirpur Bridge,10,2019,Before,22.4,7.01,173,12,119,14,102,88,14,4.9,3.2,15
Buriganga River,Hazaribagh,10,2019,Before,21.8,6.94,205,12,112,11.5,122,106,16,3.6,4.2,10
Buriganga River,Kamrangir Char,10,2019,Before,21,7.02,187,13,120,28.2,122,96,26,3.3,6.2,26
Buriganga River,Chadnighat,10,2019,Before,21.4,6.92,213,14,118,12.1,124,110,14,3,4.2,13
Buriganga River,Sadar Ghat,10,2019,Before,20.7,7.01,185,14,120,22.6,118,96,22,3.4,4,12
Buriganga River,Dholaikhal ,10,2019,Before,21,6.9,202,12,119,10.2,116,104,12,3.5,6.2,47
Buriganga River,Bangladesh China Friendship Bridge ,10,2019,Before,21.3,6.77,213,16,122,26.6,136,109,27,0,4.6,14
Buriganga River,Pagla ,10,2019,Before,21,7.06,188,15,115,7.56,107,98,9,3.5,3,15
Turag River,Near Gabtoli Bridge ,11,2019,Before,17.7,7.24,280,18,170,32.1,256.2,18,2.2,6.4,15,14
Turag River,Mirpur Diabari BIWTA Landing Station  ,11,2019,Before,17.8,7.22,242,18.5,158,21,131.7,23,2,6.2,18,21
Turag River,Asshulia BIWTA Landing Station ,11,2019,Before,17.7,7.31,275,22,162,19,150.8,19,3,6.4,30,20.2
Balu River,"Near Jabar & Jubair Fabrics Ltd, Tongi",11,2019,Before,24.2,7.23,286,25,180,24.6,167,144,23,1.8,12,45
Balu River,"Near Hossain Dyeing Ltd, Pagar, Tongi",11,2019,Before,23.8,7.56,274,24,176,23.5,163,138,25,1.4,14.4,48
Balu River,"Near Damra University College, Demra Dhaka",11,2019,Before,21.9,7.16,185.5,20,156,14.6,120.3,102.3,18,1.6,10,24
Balu River,"Near Balu Bridge, 300 feet Road,  Dhaka",11,2019,Before,22.4,7.36,234,22,168,24.2,140,117,23,1.6,9.66,36
Shitalakhya River,Demra Ghat,11,2019,Before,23.4,7.08,222,22,137,23.4,133.5,122.5,11,1.4,10.2,23
Shitalakhya River,Near Ghorashal Fertilizer Factory,11,2019,Before,23.6,7.68,170.6,16,110,12.6,110.2,98.2,12,5.4,2.6,12
Shitalakhya River,Near ACI Factory,11,2019,Before,24.1,7.87,234,24,182,23.6,142,119,23,1.2,12,36
Buriganga River,Mirpur Bridge,11,2019,Before,17.8,7.15,284,22,176,12.8,104,157.9,20,2.8,16.4,37
Buriganga River,Hazaribagh,11,2019,Before,17.28,7.23,243,21,184,8,125,135.1,12,1.8,15,32
Buriganga River,Kamrangir Char,11,2019,Before,17.7,7.2,252,22,186,12.8,120,141,24,2.6,10,41
Buriganga River,Chadnighat,11,2019,Before,17.6,7.06,294,22,169,10.9,124,165.1,22,2.8,10.8,31
Buriganga River,Sadar Ghat,11,2019,Before,17.4,7.11,261,23,189,8.34,119,146.3,17,2.6,10.2,9.7
Buriganga River,Dholaikhal ,11,2019,Before,18.1,7.15,255,21,192,5.7,117,140.8,18,2.8,9.6,2.4
Buriganga River,Bangladesh China Friendship Bridge ,11,2019,Before,17.8,7.2,245,22,186,4.36,133,136.8,9,2.6,11.4,15
Buriganga River,Pagla ,11,2019,Before,17.7,7.09,246,23,202,10.2,110,136.3,12,2.8,10,17
Turag River,Near Gabtoli Bridge ,12,2019,Before,17.8,7.03,634,72,246,111,481,361,120,0,12.6,73
Turag River,Mirpur Diabari BIWTA Landing Station  ,12,2019,Before,18,7.34,469,30,183,59,347,264,83,0,12.4,66
Turag River,Asshulia BIWTA Landing Station ,12,2019,Before,17.6,7.73,679,46,192,50,440,387,53,0,12.2,56
Turag River,Tongi Istima Mat,12,2019,Before,18,7.69,617,56,250,70,442,350,92,0,8.6,39
Balu River,"Near Jabar & Jubair Fabrics Ltd, Tongi",12,2019,Before,16.3,7.19,576,63,136,73,441,339,102,1.4,8.6,42
Balu River,"Near Hossain Dyeing Ltd, Pagar, Tongi",12,2019,Before,17.8,7.19,339,33.5,166,161,378,199,179,0.8,10.2,52
Balu River,"Near Damra University College, Demra Dhaka",12,2019,Before,19.1,8.37,931,57.5,312,43.9,593,515,78,0,16,72
Balu River,"Near Balu Bridge, 300 feet Road,  Dhaka",12,2019,Before,17.7,7.44,1045,123,255,65,691,602,89,0,12,60
Shitalakhya River,Demra Ghat,12,2019,Before,27.8,7.17,332,166,34,41.7,234,192,42,1,11,33
Shitalakhya River,Near Ghorashal Fertilizer Factory,12,2019,Before,21,7.32,230,120,18,17,162,154,18,4.5,6.2,16
Shitalakhya River,Near ACI Factory,12,2019,Before,21.3,7.34,330,162,32,35.3,210,175,35,2,8,30
Buriganga River,Mirpur Bridge,12,2019,Before,20.2,7.19,454,28.5,245,13.1,269,243,26,1.3,14.2,32
Buriganga River,Hazaribagh,12,2019,Before,20.7,7.09,480,31.5,286,17.6,292,254,38,1.4,16.2,34
Buriganga River,Kamrangir Char,12,2019,Before,20.1,7.19,465,31.5,273,19.6,284,249,35,1.1,9.6,39
Buriganga River,Chadnighat,12,2019,Before,20.1,7.15,456,34.5,266,10.7,266,245,21,1.2,10,37
Buriganga River,Sadar Ghat,12,2019,Before,20.2,7.14,453,34,274,9.8,264,242,22,1.4,9.2,38
Buriganga River,Dholaikhal ,12,2019,Before,20.5,7.03,462,32,269,14.6,276,246,30,1.2,12.4,38
Buriganga River,Bangladesh China Friendship Bridge ,12,2019,Before,20.4,7.09,463,32.5,267,17.1,282,246,36,0.9,9.6,42
Buriganga River,Pagla ,12,2019,Before,20.3,7.11,452,34,259,20,271,242,29,1,9.2,42
Turag River,Near Gabtoli Bridge ,1,2020,Before,18.2,7.63,636,55,170,42.8,405,359,46,0,24,71
Turag River,Mirpur Diabari BIWTA Landing Station  ,1,2020,Before,18.3,7.71,639,52.5,168,37.8,338,360,38,0,23,71
Turag River,Asshulia BIWTA Landing Station ,1,2020,Before,18.4,7.95,752,55.5,184,29.8,460,424,36,0,22,49
Turag River,Tongi Istima Mat,1,2020,Before,18.4,7.71,786,51,220,24.8,475,445,30,0,21,59
Balu River,"Near Jabar & Jubair Fabrics Ltd, Tongi",1,2020,Before,18.4,8.1,1060,51.2,274,29.6,748,678,70,0,30,112
Balu River,"Near Hossain Dyeing Ltd, Pagar, Tongi",1,2020,Before,18.2,8.61,1178,51.5,262,52.4,804,668,136,0,24,110
Balu River,"Near Damra University College, Demra Dhaka",1,2020,Before,18.3,7.44,1170,50.4,268,30.3,730,610,120,0,30,105
Balu River,"Near Balu Bridge, 300 feet Road,  Dhaka",1,2020,Before,18.2,7.55,1184,52.1,258,35.6,507,440,67,0,27,96
Shitalakhya River,Demra Ghat,1,2020,Before,17.8,7.82,490,26,150,12,305,267,38,0,10,37
Shitalakhya River,Near Ghorashal Fertilizer Factory,1,2020,Before,17.1,7.53,390,22,124,38,239,165,72,4.8,6,24
Shitalakhya River,Near ACI Factory,1,2020,Before,17.5,7.72,506,44,146,32,351,289,62,0,22,85
Buriganga River,Mirpur Bridge,1,2020,Before,17.3,7.79,625,28,210,22,388,360,32,0,12,38
Buriganga River,Hazaribagh,1,2020,Before,17.2,7.74,617,22,212,13,378,356,20,0,14,40
Buriganga River,Kamrangir Char,1,2020,Before,17.2,7.68,614,24,210,14,383,355,28,0,12,36
Buriganga River,Chadnighat,1,2020,Before,17,7.38,720,30,220,12,440,418,22,0,10,30
Buriganga River,Sadar Ghat,1,2020,Before,17.5,7.63,621,24,214,10,384,356,28,0,12,42
Buriganga River,Dholaikhal ,1,2020,Before,17.1,7.67,612,26,210,28,388,354,34,0,12,38
Buriganga River,Bangladesh China Friendship Bridge ,1,2020,Before,17.2,7.25,620,28,212,12,378,358,20,0,14,48
Buriganga River,Pagla ,1,2020,Before,17,7.25,616,24,212,27,379,357,22,0,10,36
Turag River,Near Gabtoli Bridge ,2,2020,Before,24.6,7.41,683,55,170,42.8,477,434,43,0,20,102
Turag River,Mirpur Diabari BIWTA Landing Station  ,2,2020,Before,25.2,7.42,680,52,168,37.8,475,434,41,0,18,80
Turag River,Asshulia BIWTA Landing Station ,2,2020,Before,24.8,8,955,55,184,29.8,663,618,45,0,25,119
Turag River,Tongi Istima Mat,2,2020,Before,26.1,7.33,705,51,220,24.8,485,443,42,0,54,163
Balu River,"Near Jabar & Jubair Fabrics Ltd, Tongi",2,2020,Before,24.1,7.46,986,40,364,34.4,753,641,112,0,74,312
Balu River,"Near Hossain Dyeing Ltd, Pagar, Tongi",2,2020,Before,23.6,7.38,1211,45,360,35.6,888,767,121,0,76,356
Balu River,"Near Damra University College, Demra Dhaka",2,2020,Before,24.1,7.31,690,25,312,34.6,451,386,65,0,31,147
Balu River,"Near Balu Bridge, 300 feet Road,  Dhaka",2,2020,Before,24.3,8.61,680,26,310,36.2,410,340,70,0,28,124
Shitalakhya River,Demra Ghat,2,2020,Before,25.2,7.29,710,26,150,16,342,397,45,0,19,68
Shitalakhya River,Near Ghorashal Fertilizer Factory,2,2020,Before,24.8,7.53,390,22,124,38,237,165,72,4.3,6.6,44
Shitalakhya River,Near ACI Factory,2,2020,Before,25.1,7.46,743,44,146,32,351,289,62,0,22,85
Buriganga River,Mirpur Bridge,2,2020,Before,24.3,7.45,1033,36,310,49.7,584,515,69,0,24,93
Buriganga River,Hazaribagh,2,2020,Before,24.2,7.37,970,34,320,44,544,480,64,0,21,71
Buriganga River,Kamrangir Char,2,2020,Before,24.2,7.38,937,32,324,34.9,534,466,68,0,19,61
Buriganga River,Chadnighat,2,2020,Before,24,7.42,940,30,288,45,523,451,72,0,23,98
Buriganga River,Sadar Ghat,2,2020,Before,24.5,7.56,921,29,310,44.5,506,430,76,0,24,96
Buriganga River,Dholaikhal ,2,2020,Before,24.1,7.65,912,28,310,43.1,493,421,72,0,26,86
Buriganga River,Bangladesh China Friendship Bridge ,2,2020,Before,24.2,7.68,920,34,324,43.4,549,473,76,0,32,102
Buriganga River,Pagla ,2,2020,Before,24,7.69,916,27,324,40,488,420,68,0,23,75
Turag River,Near Gabtoli Bridge ,3,2020,Before,29.2,7.56,1055,53,320,28.3,597,529,68,0,27,100
Turag River,Mirpur Diabari BIWTA Landing Station  ,3,2020,Before,28.4,7.6,1046,52,324,32.2,597,525,72,0,42,105
Turag River,Asshulia BIWTA Landing Station ,3,2020,Before,28.9,7.98,1387,54,322,29.6,766,708,58,0,48,124
Turag River,Tongi Istima Mat,3,2020,Before,28.6,7.56,1055,55,326,31.5,615,537,78,0,44,132
Balu River,"Near Jabar & Jubair Fabrics Ltd, Tongi",3,2020,Before,30.1,7.66,1063,54,330,42.6,665,538,127,0,64,197
Balu River,"Near Hossain Dyeing Ltd, Pagar, Tongi",3,2020,Before,29.6,8.01,1399,56,340,56.2,838,714,124,0,74,324
Balu River,"Near Damra University College, Demra Dhaka",3,2020,Before,28.6,7.43,810,35,280,41.3,450,385,68,0,42,122
Balu River,"Near Balu Bridge, 300 feet Road,  Dhaka",3,2020,Before,28.9,7.24,705,32,278,42.4,442,370,72,0,38,102
Shitalakhya River,Demra Ghat,3,2020,Before,28.7,7.19,828,35,288,34.2,462,438,24,0,49,136
Shitalakhya River,Near Ghorashal Fertilizer Factory,3,2020,Before,17.5,7.72,436,21,186,13.6,234,221,13,4.3,8,34
Shitalakhya River,Near ACI Factory,3,2020,Before,28.6,7.24,865,34,276,36.4,490,452,38,0,48,146
Buriganga River,Mirpur Bridge,3,2020,Before,29.2,7.61,1057,25,320,36.2,592,536,56,0,36,93
Buriganga River,Hazaribagh,3,2020,Before,28.6,7.42,1046,27,312,35.4,604,528,76,0,56,207
Buriganga River,Kamrangir Char,3,2020,Before,28.6,7.33,1171,28,310,34.6,665,597,68,0,42,166
Buriganga River,Chadnighat,3,2020,Before,29.1,7.56,986,29,296,35.7,552,501,51,0,29,122
Buriganga River,Sadar Ghat,3,2020,Before,29.3,7.55,955,30,286,36.1,538,486,52,0,32,105
Buriganga River,Dholaikhal ,3,2020,Before,28.5,7.52,967,27,312,38.2,537,488,49,0,36,127
Buriganga River,Bangladesh China Friendship Bridge ,3,2020,Before,29.2,7.54,954,28,324,36.3,531,483,48,0,26,117
Buriganga River,Pagla ,3,2020,Before,28.4,7.68,936,30,310,35.2,524,475,49,0,30,134
Turag River,Near Gabtoli Bridge ,4,2020,Covid,31.1,7.69,918,28,210,36.5,504,448,56,3.2,24,56
Turag River,Mirpur Diabari BIWTA Landing Station  ,4,2020,Covid,30.9,7.14,620,26,222,38.2,272,310,62,1.22,34,91
Turag River,Asshulia BIWTA Landing Station ,4,2020,Covid,30.8,7.29,681,27,218,33.4,387,342,45,1.39,62,263
Turag River,Tongi Istima Mat,4,2020,Covid,30.7,7.23,660,26,214,35.1,398,333,65,0.39,42,130
Balu River,"Near Jabar & Jubair Fabrics Ltd, Tongi",4,2020,Covid,31.6,7.22,778,21,156,35.7,461,376,85,0.28,48,133
Balu River,"Near Hossain Dyeing Ltd, Pagar, Tongi",4,2020,Covid,31.2,7.32,786,23,152,35.2,474,378,96,0.32,52,136
Balu River,"Near Damra University College, Demra Dhaka",4,2020,Covid,29.4,7.44,675,22,144,33.2,425,355,70,0.68,18.6,52
Balu River,"Near Balu Bridge, 300 feet Road,  Dhaka",4,2020,Covid,30.2,7.23,687,21,148,32.6,429,365,64,1.22,19.2,66
Shitalakhya River,Demra Ghat,4,2020,Covid,28.6,7.4,682,21,140,23.6,371,357,14,1.31,9.6,45
Shitalakhya River,Near Ghorashal Fertilizer Factory,4,2020,Covid,28.4,7.42,688,20,144,23.2,372,362,10,1.45,10.8,62
Shitalakhya River,Near ACI Factory,4,2020,Covid,28.4,7.38,723,21,145,32.1,403,387,16,1.24,16.4,52
Buriganga River,Mirpur Bridge,4,2020,Covid,30.6,7.4,925,23,180,34.7,494,460,34,2.67,16,41
Buriganga River,Hazaribagh,4,2020,Covid,29.6,7.21,821,23,170,35.1,494,456,38,1.7,8.4,19
Buriganga River,Kamrangir Char,4,2020,Covid,29.4,7.32,839,24,188,35.1,508,472,36,2.09,16,63
Buriganga River,Chadnighat,4,2020,Covid,30.1,7.42,821,25,210,34.8,509,465,44,0.5,30,134
Buriganga River,Sadar Ghat,4,2020,Covid,31,7.23,821,23,180,41.6,470,430,40,0.6,16.8,61
Buriganga River,Dholaikhal ,4,2020,Covid,30.9,7.3,839,23,166,44.2,489,437,52,0.52,17.6,63
Buriganga River,Bangladesh China Friendship Bridge ,4,2020,Covid,31,7.46,866,24,156,44,492,456,36,0.45,16,49
Buriganga River,Pagla ,4,2020,Covid,30.6,7.49,840,22,158,43.2,470,438,32,0.78,14.2,56
Turag River,Near Gabtoli Bridge ,5,2020,Covid,33.8,7.15,600,28,264,NAN,343,287,56,1.65,14,41
Turag River,Mirpur Diabari BIWTA Landing Station  ,5,2020,Covid,34.9,7.04,602,27,266,NAN,348,286,62,2.24,24,70
Turag River,Asshulia BIWTA Landing Station ,5,2020,Covid,31.9,7.05,723,26,272,NAN,349,344,45,0.95,40,136
Turag River,Tongi Istima Mat,5,2020,Covid,33.7,6.94,515,29,280,NAN,309,244,65,0.96,6.2,19
Balu River,"Near Jabar & Jubair Fabrics Ltd, Tongi",5,2020,Covid,34.8,7.22,507,21,218,24.1,303,237,66,0.88,16,56
Balu River,"Near Hossain Dyeing Ltd, Pagar, Tongi",5,2020,Covid,34.1,7.17,512,23,224,23.6,295,243,52,0.78,14,58
Balu River,"Near Damra University College, Demra Dhaka",5,2020,Covid,34.06,7.08,421,22,210,21.4,263,215,48,0.53,18,36
Balu River,"Near Balu Bridge, 300 feet Road,  Dhaka",5,2020,Covid,33.2,7.24,486,21,214,22.4,290,248,42,1.1,13.6,45
Shitalakhya River,Demra Ghat,5,2020,Covid,32.1,7.12,604,24,210,23.4,325,311,14,1.92,9.6,36
Shitalakhya River,Near Ghorashal Fertilizer Factory,5,2020,Covid,31.2,7.13,610,26,224,22.7,335,323,12,1.2,10.8,42
Shitalakhya River,Near ACI Factory,5,2020,Covid,30.6,7.08,614,27,226,22.4,325,311,14,0.84,16.4,46
Buriganga River,Mirpur Bridge,5,2020,Covid,34,7.33,600,26,210,18.6,321,289,32,1.83,16,41
Buriganga River,Hazaribagh,5,2020,Covid,33.7,7.29,682,25,224,19.2,345,319,26,1.17,8.4,19
Buriganga River,Kamrangir Char,5,2020,Covid,35.5,7.14,601,24,220,18.8,327,287,40,1.6,16,63
Buriganga River,Chadnighat,5,2020,Covid,34.5,7.1,686,28,234,20.4,365,327,38,1.2,30,134
Buriganga River,Sadar Ghat,5,2020,Covid,33,7.07,665,26,214,22.3,382,343,39,0.5,16.8,61
Buriganga River,Dholaikhal ,5,2020,Covid,33,7,661,28,200,22.4,378,327,51,0.54,17.6,63
Buriganga River,Bangladesh China Friendship Bridge ,5,2020,Covid,34.2,6.81,685,27,208,21.4,392,344,48,0.56,16,61
Buriganga River,Pagla ,5,2020,Covid,34.6,6.96,649,29,212,18.6,390,344,46,0.62,14.2,56
Turag River,Near Gabtoli Bridge ,6,2020,Covid,32.1,6.71,163.9,12,180,23.2,107.2,73.2,34,3.47,10,46
Turag River,Mirpur Diabari BIWTA Landing Station  ,6,2020,Covid,32.6,7.12,136.8,13,188,24.6,88.1,62.1,26,3.4,12,56
Turag River,Asshulia BIWTA Landing Station ,6,2020,Covid,32.4,6.89,149.2,12,176,27.1,95.6,67.6,28,3.55,12,54
Turag River,Tongi Istima Mat,6,2020,Covid,31.8,7.31,135.4,12,172,23.6,83.3,61.3,22,3.78,16,62
Balu River,"Near Jabar & Jubair Fabrics Ltd, Tongi",6,2020,Covid,32.1,6.98,140.2,11,144,22.8,87.4,63.4,24,3.18,14,58
Balu River,"Near Hossain Dyeing Ltd, Pagar, Tongi",6,2020,Covid,32.1,7.32,140.3,12,148,23.6,86.4,63.4,23,3.45,14.4,62
Balu River,"Near Damra University College, Demra Dhaka",6,2020,Covid,32.3,7.18,218.5,12,146,21.4,120.4,98.4,22,3.24,13.2,46
Balu River,"Near Balu Bridge, 300 feet Road,  Dhaka",6,2020,Covid,31.6,7.23,220.1,13,154,22.5,124,104,20,4.1,12.4,42
Shitalakhya River,Demra Ghat,6,2020,Covid,32.1,6.88,367,18,210,21.1,189.2,169.1,20,3.48,9.6,36
Shitalakhya River,Near Ghorashal Fertilizer Factory,6,2020,Covid,32.1,7.23,366,17,220,22.3,191.3,170.3,21,3.56,10.8,46
Shitalakhya River,Near ACI Factory,6,2020,Covid,31.9,7.12,368,18,214,21.6,194.3,171.3,23,3.12,12,44
Buriganga River,Mirpur Bridge,6,2020,Covid,31.1,7.01,177,10,160,23.1,106.1,85.1,21,3.69,4,12
Buriganga River,Hazaribagh,6,2020,Covid,31.3,7.13,150,9,174,24.5,107.4,75.4,32,3.8,3,7
Buriganga River,Kamrangir Char,6,2020,Covid,31.1,6.66,168.9,11,164,23.6,110.3,84.3,26,3.19,6,36
Buriganga River,Chadnighat,6,2020,Covid,31.3,6.66,152.1,10,158,22.4,101.2,76.2,25,3.16,5.8,27
Buriganga River,Sadar Ghat,6,2020,Covid,31.7,6.6,172.1,10,142,23.4,103.2,85.2,18,2.8,3,7
Buriganga River,Dholaikhal ,6,2020,Covid,31.8,6.63,147.5,8,146,21.2,89.7,73.7,16,3.54,3,6
Buriganga River,Bangladesh China Friendship Bridge ,6,2020,Covid,31.7,6.64,154.4,9,180,24.1,98.8,77.8,21,2.96,6,42
Buriganga River,Pagla ,6,2020,Covid,31.5,6.62,158.7,9,154,19.5,94.9,78.9,16,3.16,5,17
Turag River,Near Gabtoli Bridge ,7,2020,Covid,27.1,7.15,144.3,10,40,22,89.5,65.5,24,5.46,12,39
Turag River,Mirpur Diabari BIWTA Landing Station  ,7,2020,Covid,27.2,6.88,169.9,12,38,23,105,77,28,5.18,8,22
Turag River,Asshulia BIWTA Landing Station ,7,2020,Covid,27.3,7.08,129.7,10,40,20,80.6,58.6,22,5.87,16,51
Turag River,Tongi Istima Mat,7,2020,Covid,27.5,7.04,142.8,12,39,18,86.2,64.2,22,5.28,12,49
Balu River,"Near Jabar & Jubair Fabrics Ltd, Tongi",7,2020,Covid,27.2,7.01,140.8,83.8,35,19.7,83.8,63.8,20,4.5,12,30
Balu River,"Near Hossain Dyeing Ltd, Pagar, Tongi",7,2020,Covid,26.9,7.18,150.2,12,34,18.7,84.2,64.2,20,4.5,8,26
Balu River,"Near Damra University College, Demra Dhaka",7,2020,Covid,27.2,7.2,148.3,10,35,22.8,83.8,63.8,20,5.2,10,29
Balu River,"Near Balu Bridge, 300 feet Road,  Dhaka",7,2020,Covid,27.1,7.35,142.3,12,32,20.1,80.3,62.3,18,5.1,10,32
Shitalakhya River,Demra Ghat,7,2020,Covid,32.1,7.32,320,15,198,20.1,174,150,24,4.5,10,33
Shitalakhya River,Near Ghorashal Fertilizer Factory,7,2020,Covid,31.2,7.5,280,14,190,18.3,167,145,22,4,8,24
Shitalakhya River,Near ACI Factory,7,2020,Covid,30.6,7.41,318,15,198,20.1,172,148,24,4.3,12,10
Buriganga River,Mirpur Bridge,7,2020,Covid,27.5,6.94,145.1,8,40,25,111.4,65.4,46,4.42,4,13
Buriganga River,Hazaribagh,7,2020,Covid,25.9,6.95,187,9,43,23.4,119.1,63.1,56,4.5,4,10
Buriganga River,Kamrangir Char,7,2020,Covid,25.8,6.7,156,8,43,29.9,122.4,73.4,49,4.45,6,19
Buriganga River,Chadnighat,7,2020,Covid,25.9,6.7,169,9,39,31.9,127,77,50,3.1,4,9
Buriganga River,Sadar Ghat,7,2020,Covid,25.8,6.88,140,8,40,35.5,118,67,51,4.41,6,21
Buriganga River,Dholaikhal ,7,2020,Covid,25.8,6.75,152,9,39,30.5,133.4,69.4,64,4.2,6,27
Buriganga River,Bangladesh China Friendship Bridge ,7,2020,Covid,25.8,6.91,142,8,41,44.6,113.8,64.8,49,4.4,8,27
Buriganga River,Pagla ,7,2020,Covid,25.9,6.5,153,9,39,40.6,124.4,70.4,54,4,4,27
Turag River,Near Gabtoli Bridge ,8,2020,Covid,28.4,7,149.7,5,40,5.3,71.2,66.2,5,5.7,4.8,14
Turag River,Mirpur Diabari BIWTA Landing Station  ,8,2020,Covid,28.4,6.98,146.6,4.5,38,2.09,67.9,64.9,3,5.65,5.2,17
Turag River,Asshulia BIWTA Landing Station ,8,2020,Covid,28.4,7.19,132.4,5,40,2.01,60.5,58.5,2,6.56,4.8,21
Turag River,Tongi Istima Mat,8,2020,Covid,28.5,7.15,130.6,4.5,39,3,58.4,57.7,1,5.76,4.4,13
Balu River,"Near Jabar & Jubair Fabrics Ltd, Tongi",8,2020,Covid,28.2,7.21,138.4,7.5,39,5.02,62.1,56.1,6,5.45,4.4,14
Balu River,"Near Hossain Dyeing Ltd, Pagar, Tongi",8,2020,Covid,28,7.34,136.2,7.7,38,2.69,59.9,55.9,4,5.33,4.8,16
Balu River,"Near Damra University College, Demra Dhaka",8,2020,Covid,28.3,7.1,132.8,5,35,3.2,59.9,58.9,1,3.9,6.6,20
Balu River,"Near Balu Bridge, 300 feet Road,  Dhaka",8,2020,Covid,28.1,7.11,133.1,6.3,36,4.33,60.5,57.5,3,6.32,5.6,18
Buriganga River,Mirpur Bridge,8,2020,Covid,28.4,7.04,142.4,6.5,40,15.3,77.9,62.9,15,5.6,5.2,18
Buriganga River,Hazaribagh,8,2020,Covid,21.6,7.13,131.6,6.5,43,14.7,79.3,67.3,12,5.1,4.8,15
Buriganga River,Kamrangir Char,8,2020,Covid,21,7.01,123.6,6,43,16.4,78.4,63.4,15,5.2,4.8,14
Buriganga River,Chadnighat,8,2020,Covid,20.7,7,124.5,5.5,39,10.4,80.3,64.3,16,5.4,5.4,19
Buriganga River,Sadar Ghat,8,2020,Covid,21.1,7.03,124.4,7,40,9.2,76.7,63.7,13,4.58,6.4,22
Buriganga River,Dholaikhal ,8,2020,Covid,20.5,6.99,121.3,6.5,39,6.83,71.1,63.1,8,4.6,9.6,33
Buriganga River,Bangladesh China Friendship Bridge,8,2020,Covid,20.9,6.99,122.5,6.5,41,18.6,75,63,12,4.9,8.4,28
Buriganga River,Pagla ,8,2020,Covid,21.1,6.97,123.9,7,39,13.2,78.7,63.7,15,4.83,16,54
Turag River,Near Gabtoli Bridge ,9,2020,Covid,18.5,7.18,131,7.5,40,36.6,107.1,71.1,36,4.79,6.8,24
Turag River,Mirpur Diabari BIWTA Landing Station  ,9,2020,Covid,17.7,7.12,121.1,9.5,41,31.6,99.7,66.7,33,4.95,7.2,22
Turag River,Asshulia BIWTA Landing Station ,9,2020,Covid,18.2,6.97,155.5,9,39,30.5,117.1,85.1,32,5.86,5.2,18
Turag River,Tongi Istima Mat,9,2020,Covid,18,7.13,138,7.5,35,37.8,115.6,75.6,40,4.86,6,20
Balu River,"Near Jabar & Jubair Fabrics Ltd, Tongi",9,2020,Covid,18,7.13,134.2,8.5,40,36.8,106.5,73.5,33,3.14,14,48
Balu River,"Near Hossain Dyeing Ltd, Pagar, Tongi",9,2020,Covid,19,7.31,144.3,10,34,18.6,98,76,22,2.36,12,40
Balu River,"Near Damra University College, Demra Dhaka",9,2020,Covid,23.7,7.59,199.3,17,69,10.8,109.2,97.2,12,2.69,17,56
Balu River,"Near Balu Bridge, 300 feet Road,  Dhaka",9,2020,Covid,23.7,7.64,180.3,14,61,17.4,106.9,87.9,19,3.7,10,33
Buriganga River,Mirpur Bridge,9,2020,Covid,18.4,6.91,140.8,8,48,39.5,115.1,76.1,39,5.79,4.8,16
Buriganga River,Hazaribagh,9,2020,Covid,22.3,7.36,139.6,7.5,42,34.9,125.2,70.2,55,5.31,6.8,20
Buriganga River,Kamrangir Char,9,2020,Covid,22.4,7.39,145.1,9,37,27.7,111.7,72.7,39,5.1,5.2,18
Buriganga River,Chadnighat,9,2020,Covid,22.3,7.36,144.8,8,43,34.5,114.5,72.5,42,4.87,7.2,24
Buriganga River,Sadar Ghat,9,2020,Covid,22.2,7.3,151.5,9.5,43.5,35.6,107.9,75.9,32,4.1,10.8,33
Buriganga River,Dholaikhal ,9,2020,Covid,22.4,7.35,151.1,8,44,24,99.9,75.9,24,5.3,6.8,21
Buriganga River,Bangladesh China Friendship Bridge,9,2020,Covid,22.2,7.4,156.1,8.5,43,33.2,109.5,78.5,31,4.65,6.2,22
Buriganga River,Pagla ,9,2020,Covid,22.4,7.37,158,8.5,45,31,112.2,79.2,33,4.1,8.4,26
Turag River,Near Gabtoli Bridge ,10,2020,Covid,20.9,7.03,191.2,11,52,32.5,130.9,98.9,32,4.9,8.2,26
Turag River,Mirpur Diabari BIWTA Landing Station  ,10,2020,Covid,20.9,7,147.5,8,54,22,111.1,76.1,35,4.07,6.2,24
Turag River,Asshulia BIWTA Landing Station ,10,2020,Covid,21,7.04,118.8,7,48,20.1,80,61,19,4.04,7.2,16
Turag River,Tongi Istima Mat,10,2020,Covid,20.9,7.06,120.4,6,46,26.6,90.9,61.9,29,3.98,4.8,14
Balu River,"Near Jabar & Jubair Fabrics Ltd, Tongi",10,2020,Covid,20.7,7.06,137.7,8,48,18.5,92.2,71.2,21,3.97,4,14
Balu River,"Near Hossain Dyeing Ltd, Pagar, Tongi",10,2020,Covid,20.7,7.25,120.4,7,50,15,82.6,70.6,12,4,2,22
Balu River,"Near Damra University College, Demra Dhaka",10,2020,Covid,30.1,7.05,176.5,18,78,19.8,124,99,25,2.63,14,61
Balu River,"Near Balu Bridge, 300 feet Road,  Dhaka",10,2020,Covid,31.1,6.96,146.3,17.5,74,20.5,103.1,81.1,22,3.29,16,61
Shitalakhya River,Demra Ghat,10,2020,Covid,29.9,6.99,179.3,19,68,16.6,120.6,99.6,21,2.85,14,56
Shitalakhya River,Near Ghorashal Fertilizer Factory,10,2020,Covid,20.5,6.92,169,18,22,33,116,88,28,3.8,16,51
Shitalakhya River,Near ACI Factory,10,2020,Covid,20.6,7.06,539,32,42,22.4,412,286,126,0,18,88
Buriganga River,Mirpur Bridge,10,2020,Covid,28.4,7.17,114.7,7,38,14,103.6,61.6,42,4.8,9,24
Buriganga River,Hazaribagh,10,2020,Covid,21.6,7.06,125,9,46,11.5,88.4,67.4,21,4.78,8,20
Buriganga River,Kamrangir Char,10,2020,Covid,21,7.12,118.7,7,44,28.2,85.7,63.7,22,4.69,8,22
Buriganga River,Chadnighat,10,2020,Covid,20.7,7.08,129,9,44,12.1,80.7,68.7,12,3.57,6,10
Buriganga River,Sadar Ghat,10,2020,Covid,21.1,6.98,129,9,48,22.6,87,69,18,3.26,5,18
Buriganga River,Dholaikhal ,10,2020,Covid,20.9,6.99,126,10,48,10.2,79,68,11,3.97,6,20
Buriganga River,Bangladesh China Friendship Bridge ,10,2020,Covid,20.5,7.01,127,8,46,26.6,78,68,10,4.29,6,17
Buriganga River,Pagla ,10,2020,Covid,21.1,7.05,124,8,48,7.57,79,65,14,4.35,7,21
Turag River,Near Gabtoli Bridge ,11,2020,Covid,22,7.4,228.3,10.5,52,103,139.8,122.8,17,4.1,16,46
Turag River,Mirpur Diabari BIWTA Landing Station  ,11,2020,Covid,21.1,7.39,240,3,36,201,160.2,122.2,38,3.9,16,41
Turag River,Asshulia BIWTA Landing Station ,11,2020,Covid,21.5,7.48,201.9,10,52,67.8,127.1,110.1,17,4,18,49
Turag River,Tongi Istima Mat,11,2020,Covid,21,7.46,234.1,8,70,58.3,128.2,118.2,10,4.2,10,46
Balu River,"Near Jabar & Jubair Fabrics Ltd, Tongi",11,2020,Covid,21.8,7.48,246,11,66,52.8,145.4,125.4,20,3.7,10,56
Balu River,"Near Hossain Dyeing Ltd, Pagar, Tongi",11,2020,Covid,21.5,7.36,237,10,44,10.6,147.4,121.4,26,3.8,12,52
Balu River,"Near Damra University College, Demra Dhaka",11,2020,Covid,19.5,7.28,226,11.5,56,56.5,145,121,24,0.5,5,38
Balu River,"Near Balu Bridge, 300 feet Road,  Dhaka",11,2020,Covid,18.2,7.23,297,14,48,169,196.4,165.4,31,0.8,4,34
Shitalakhya River,Demra Ghat,11,2020,Covid,19.8,7.23,198.4,12.5,100,37,120.3,105.3,15,1.6,8,27
Shitalakhya River,Near Ghorashal Fertilizer Factory,11,2020,Covid,20.2,7.37,242,19.5,112,86.9,136,128,8,4.4,8,56
Shitalakhya River,Near ACI Factory,11,2020,Covid,19.6,7.2,487,18.5,110,148,514,265,249,0,20,83
Buriganga River,Mirpur Bridge,11,2020,Covid,18.8,7.2,244,10.5,54,178,158.2,133.2,25,3.1,8,24
Buriganga River,Hazaribagh,11,2020,Covid,18.2,7.16,237,11.5,70,97.1,147.2,131.2,16,3.15,6,15
Buriganga River,Kamrangir Char,11,2020,Covid,18.4,7.35,240,12,78,285,169.3,132.3,37,1.91,9,41
Buriganga River,Chadnighat,11,2020,Covid,48.8,7.28,712,12.5,114,47.9,185,177,8,1.86,16,46
Buriganga River,Sadar Ghat,11,2020,Covid,18,7.17,256,13,74,23.2,146.3,148.3,4,1.95,8,43
Buriganga River,Dholaikhal ,11,2020,Covid,17.8,7.11,261,11.5,84,56.9,152,146,6,3.5,21,49
Buriganga River,Bangladesh China Friendship Bridge ,11,2020,Covid,18.6,7.2,247,12,64,54.8,143,136,7,1.88,12,37
Buriganga River,Pagla ,11,2020,Covid,18.1,7.11,261,11,80,23.6,148.2,145.2,3,2.35,27,59
Turag River,Near Gabtoli Bridge ,12,2020,Covid,15.9,7.32,486,43,112,46.4,295,286,9,1.2,13,41
Turag River,Mirpur Diabari BIWTA Landing Station  ,12,2020,Covid,16.1,7.34,480,41.5,106,91,294,281,13,1.5,10,37
Turag River,Asshulia BIWTA Landing Station ,12,2020,Covid,15.8,7.47,456,41.5,108,27.5,275,269,6,1.3,11,27
Turag River,Tongi Istima Mat,12,2020,Covid,16.1,7.79,497,45,144,110,308,291,17,1,10,85
Balu River,"Near Jabar & Jubair Fabrics Ltd, Tongi",12,2020,Covid,15.9,8.42,689,56,189,181,445,410,35,2.8,16,80
Balu River,"Near Hossain Dyeing Ltd, Pagar, Tongi",12,2020,Covid,15.8,7.6,925,50.9,182,223,583,557,26,2,12,78
Balu River,"Near Damra University College, Demra Dhaka",12,2020,Covid,17.8,7.61,400,31.5,99,171,262,225,37,0.5,8,28
Balu River,"Near Balu Bridge, 300 feet Road,  Dhaka",12,2020,Covid,19.7,7.35,617,20.5,79,144,365,336,29,0,32,100
Shitalakhya River,Demra Ghat,12,2020,Covid,17.5,7.48,400,32.5,102,86.9,241,226,15,0.8,18,20
Shitalakhya River,Near Ghorashal Fertilizer Factory,12,2020,Covid,19.6,7.22,292,15.5,59,71.4,269,157,12,4.8,13,32
Shitalakhya River,Near ACI Factory,12,2020,Covid,21.7,7.52,657,77.5,58,390,396,345,51,0,30,100
Buriganga River,Mirpur Bridge,12,2020,Covid,18.8,7.48,502,39.2,115,20.2,282,251,31,2.11,12,90
Buriganga River,Hazaribagh,12,2020,Covid,18.2,7.4,506,40,138,52.4,264,257,7,2.15,22,56
Buriganga River,Kamrangir Char,12,2020,Covid,18.4,7.6,520,40.5,165,84.9,282,260,22,1.99,14,59
Buriganga River,Chadnighat,12,2020,Covid,48.8,7.32,494,34.5,140,32.5,261,253,8,1.77,10,37
Buriganga River,Sadar Ghat,12,2020,Covid,18,7.29,502,32.2,156,74,276,255,21,1.68,20,61
Buriganga River,Dholaikhal ,12,2020,Covid,17.8,7.28,517,34.1,137,24.3,268,260,8,2,14,30
Buriganga River,Bangladesh China Friendship Bridge ,12,2020,Covid,18.6,7.3,505,33.1,118,50.9,272,259,13,1.87,18,97
Buriganga River,Pagla ,12,2020,Covid,18.1,7.43,513,29.2,135,40.7,269,257,12,1.57,12,32
Balu River,Trimohoni Bridge,1,2021,Covid,17.3,7.48,714,58,252,14.7,419,411,2,0,32,134
Balu River,Jolshiri Abashon,1,2021,Covid,17.4,7.09,659,71,236,32.4,390,382,8,0,30,92
Shitalakhya River,Demra Ghat,1,2021,Covid,16.9,7.06,429,39,112,139,273,247,26,0.4,4.5,20
Shitalakhya River,Near Ghorashal Fertilizer Factory,1,2021,Covid,12.8,7.48,251,10.5,61,35,165,158,7,5.8,12,54
Shitalakhya River,Murapara,1,2021,Covid,16.6,7.26,407,37,164,309,294,235,59,0,4.6,32
Buriganga River,Mirpur Bridge,1,2021,Covid,21.3,7.94,678,42,215,428,446,358,88,0.2,6,68
Buriganga River,Hazaribagh,1,2021,Covid,21,7.48,673,47,201,181,401,356,45,0.1,6,64
Buriganga River,Kamrangir Char,1,2021,Covid,20.9,7.47,669,52,214,189,404,356,48,0.1,5.8,72
Buriganga River,Chadnighat,1,2021,Covid,20.9,7.48,666,50.2,208,148,395,354,41,0.1,5.8,53
Buriganga River,Sadar Ghat,1,2021,Covid,20.9,7.44,665,51,210,138,391,354,37,0.1,6,63
Buriganga River,Bosila bridge,1,2021,Covid,20.6,7.45,666,52.5,205,219,406,356,50,0.1,6,62
Buriganga River,Bangladesh China Friendship Bridge ,1,2021,Covid,20.9,7.54,663,49,211,137,393,353,40,0.2,5.8,63
Buriganga River,Pagla ,1,2021,Covid,20.9,7.46,651,47.5,212,219,401,346,55,0.1,5.8,36
Turag River,Turag Bridge,2,2021,Covid,17.4,7.41,867,62.5,226,289,555,498,57,0,6.4,24
Turag River,Asshulia BIWTA Landing Station ,2,2021,Covid,17.9,7.5,916,62,206,221,611,525,86,0,6.2,28
Turag River,Kaliyakor  ,2,2021,Covid,14.2,7.05,327,50,159,9.2,196.2,195.2,1,4.9,6.2,23
Turag River,Vawal,2,2021,Covid,18.8,7,124.1,110,116,230,148.1,67.1,81,0,36,120
Turag River,Nama Bazar,2,2021,Covid,14.1,7.19,726,83.5,156,29.3,514,449,65,0,16,78
Balu River,Trimohoni Bridge,2,2021,Covid,17.3,7.06,699,73,239,304,485,401,84,0,28,120
Balu River,Jolshiri Abashon,2,2021,Covid,17.5,7.51,901,59.5,260,336,626,523,103,0.8,9.6,68
Shitalakhya River,Demra Ghat,2,2021,Covid,16.7,7.34,584,50.5,196,650,547,338,209,0,32.4,80
Shitalakhya River,Murapara,2,2021,Covid,14.1,7.21,277,13.5,63,9.73,175.4,164.4,11,5.2,6,28
Shitalakhya River,Port Road,2,2021,Covid,18.1,6.97,634,128,262,448,419,354,65,0,49.2,166
Buriganga River,Mirpur Bridge,2,2021,Covid,19.4,7.47,814,65,178,327,533,448,85,0.7,22,68
Buriganga River,Hazaribagh,2,2021,Covid,19,7.35,793,63.5,169,186,494,440,54,3,17,71
Buriganga River,Kamrangir Char,2,2021,Covid,19,7.37,785,62.5,186,147,489,436,53,0.2,19,58
Buriganga River,Chadnighat,2,2021,Covid,19,7.32,791,64.5,181,142,480,433,47,0.1,19,58
Buriganga River,Bosila bridge,2,2021,Covid,18.9,7.37,795,67,199,178,499,443,56,0.4,19,66
Buriganga River,Bangladesh China Friendship Bridge ,2,2021,Covid,19.1,7.34,746,64.5,181,164,481,414,67,0.5,14,85
Buriganga River,Pagla ,2,2021,Covid,18.8,7.49,695,63.5,198,231,496,386,60,0.1,17,71
Turag River,Turag Bridge,3,2021,Covid,17.4,7.41,867,81.5,230,221,584,498,86,0,62,124
Turag River,Asshulia BIWTA Landing Station ,3,2021,Covid,17.9,7.5,916,71,286,304,921,525,396,0,44,129
Turag River,Kaliyakor  ,3,2021,Covid,17,7.38,527,26,162,80.6,330,301,29,1.8,20.4,27
Turag River,Vawal,3,2021,Covid,21.7,7.34,1372,94.5,358,228,796,732,64,0,30,88
Turag River,Nama Bazar,3,2021,Covid,21.9,7.36,1363,112,233,255,780,721,59,0,34,49
Balu River,Trimohoni Bridge,3,2021,Covid,19.5,7.15,1115,93,256,234,680,618,62,0,54,153
Balu River,Jolshiri Abashon,3,2021,Covid,19.8,7.15,1022,66,269,290,632,562,70,0,9.6,90
Shitalakhya River,Demra Ghat,3,2021,Covid,25.4,6.94,767,76,216,216,442,369,73,0.7,30,71
Shitalakhya River,Murapara,3,2021,Covid,20.3,7.17,361,37,167,79.6,209,191.7,18,4.7,4.8,12
Shitalakhya River,Port Road,3,2021,Covid,22,7.19,866,136.5,283,310,531,453,78,0,30,85
Buriganga River,Mirpur Bridge,3,2021,Covid,19.7,6.75,799,69.5,186,267,513,438,75,0,9.6,76
Buriganga River,Hazaribagh,3,2021,Covid,19.8,7.21,941,66.5,213,232,583,517,69,0,8.4,76
Buriganga River,Kamrangir Char,3,2021,Covid,19.4,7.28,907,68,196,512,580,501,79,0,22.8,52
Buriganga River,Chadnighat,3,2021,Covid,19.1,7.16,949,70,262,342,782,528,254,0,30,98
Buriganga River,Bosila bridge,3,2021,Covid,19,6.88,955,74,199,344,691,534,157,0,32,120
Buriganga River,Bangladesh China Friendship Bridge ,3,2021,Covid,19.6,6.94,837,74,220,383,537,462,75,0,30,78
Buriganga River,Pagla ,3,2021,Covid,19.3,7.14,851,62.5,209,253,542,471,71,0,9.6,85
Turag River,Turag Bridge,4,2021,Covid,15.9,7.98,1106,85,272,517,798,670,128,0.6,32,128
Turag River,Asshulia BIWTA Landing Station ,4,2021,Covid,15.8,7.6,1296,66,267,292,869,791,78,0,18,70
Turag River,Kaliyakor  ,4,2021,Covid,16.2,7.51,895,72.5,152,496,572,534,38,1.6,30,59
Turag River,Vawal,4,2021,Covid,16.1,7.55,1338,76,302,254,859,813,46,1.2,32,100
Turag River,Nama Bazar,4,2021,Covid,16,7.58,1165,70.5,220,231,742,705,37,1,30,126
Balu River,Trimohoni Bridge,4,2021,Covid,24.6,6.82,849,72,272,141.5,466,420,46,0,30,120
Balu River,Jolshiri Abashon,4,2021,Covid,24,6.77,845,74,287,42.2,425,422,3,2.4,6.4,13
Shitalakhya River,Demra Ghat,4,2021,Covid,25,7.07,919,65,227,79.6,502,445,57,0,14,36
Shitalakhya River,Murapara,4,2021,Covid,24.4,7.38,610,52,192,62,304,299,5,4.2,6.4,18
Buriganga River,Mirpur Bridge,4,2021,Covid,21.8,7.35,1149,170,72.5,596,594,2,0,24,76,97.2
Buriganga River,Hazaribagh,4,2021,Covid,21.3,7.35,966,185,76,513,506,7,0,33,90,93.9
Buriganga River,Kamrangir Char,4,2021,Covid,21.3,7.32,974,232,72,513,511,2,0,10,78,33.1
Buriganga River,Chadnighat,4,2021,Covid,21.5,7.32,948,204,67.5,499,495,4,0,15,66,22.3
Buriganga River,Bosila bridge,4,2021,Covid,21.4,7.36,990,199,74,520,518,2,0,18,59,31.1
Buriganga River,Bangladesh China Friendship Bridge ,4,2021,Covid,21.6,7.45,943,255,66,498,493,5,0.3,23,76,36.2
Buriganga River,Pagla ,4,2021,Covid,21.4,7.49,930,215,62.5,512,485,27,0.2,23,72,98.3
Turag River,Turag Bridge,5,2021,Covid,20.2,7.27,868,44.5,203,14.2,476,472,4,2.8,12,39
Turag River,Asshulia BIWTA Landing Station ,5,2021,Covid,20.5,7.32,399,26,120,11.7,212,211,1,2.9,8.2,24
Turag River,Kaliyakor  ,5,2021,Covid,20.1,7.46,163,20.5,49,17.1,88,86,2,4.9,6.2,10
Turag River,Vawal,5,2021,Covid,21,7.26,322,24.5,89,17.5,172,168,4,4.9,6.2,51
Turag River,Nama Bazar,5,2021,Covid,20.4,7.27,322,25,92,12.9,171,170,1,2.9,8.4,34
Balu River,Trimohoni Bridge,5,2021,Covid,21.7,6.6,689,72,194,131.2,375,360,15,0.2,26,70
Balu River,Jolshiri Abashon,5,2021,Covid,21.6,6.93,763,55,225,38.6,417,399,18,2.9,6.4,20
Shitalakhya River,Demra Ghat,5,2021,Covid,21.4,6.93,611,44.5,186,72,326,320,6,0,10,58
Shitalakhya River,Murapara,5,2021,Covid,22,7.13,501,37,252,58.3,268,259,9,1.3,7,21
Shitalakhya River,Port Road,5,2021,Covid,23.4,7.35,598,42,251,77.6,295,285,10,1.2,12,70
Buriganga River,Mirpur Bridge,5,2021,Covid,23.3,6.95,730,45.5,147,62,405,386,19,0.6,28,90
Buriganga River,Hazaribagh,5,2021,Covid,22.8,7.18,917,48.5,177,49.7,522,500,22,0.9,28,70
Buriganga River,Kamrangir Char,5,2021,Covid,23.5,7.4,970,49,192,60.5,554,536,18,0.8,31,80
Buriganga River,Chadnighat,5,2021,Covid,22.1,7.34,1000,45.5,199,89.3,571,546,25,0.6,30,80
Buriganga River,Bosila bridge,5,2021,Covid,23.3,7.39,896,44.5,157,60.2,516,496,20,0.7,30,97
Buriganga River,Bangladesh China Friendship Bridge ,5,2021,Covid,23.5,7.47,978,44.5,189,68.2,568,541,27,0.7,28,97
Buriganga River,Pagla ,5,2021,Covid,22.3,7.43,993,43.5,200,67.6,575,540,35,0.8,28,80
Turag River,Turag Bridge,6,2021,Covid,21.9,7.58,195.9,18,102,NAN,122.4,99.4,23,3.4,9,41
Turag River,Asshulia BIWTA Landing Station ,6,2021,Covid,21.6,7.48,188.8,18,97,NAN,138.3,96.3,42,3.1,18,44
Turag River,Kaliyakor  ,6,2021,Covid,21.8,7.5,148.2,16,51,NAN,288.1,75.1,213,7.6,18,51
Turag River,Vawal,6,2021,Covid,21.2,7.25,147.8,14.5,50,NAN,231.9,76.9,155,6,13,20
Turag River,Nama Bazar,6,2021,Covid,21.8,6.9,131.2,6,54,NAN,304.6,69.6,235,4.5,8,22
Balu River,Trimohoni Bridge,6,2021,Covid,21.2,6.13,464,44.5,112,236,305,243,62,0,18,54
Balu River,Jolshiri Abashon,6,2021,Covid,21.8,6.6,335,25.5,106,278,183,176,7,1.4,16,51
Shitalakhya River,Demra Ghat,6,2021,Covid,21.8,7.09,263,34.5,138,46,140,134,6,2.6,14,46
Shitalakhya River,Murapara,6,2021,Covid,21.8,7.07,318,19,91,74,179.4,167.4,12,1.4,16,44
Shitalakhya River,Near Ghorashal Fertilizer Factory,6,2021,Covid,21.8,7.02,156.7,11,65,34.9,157.4,79.4,78,2.4,7,19
Shitalakhya River,Port Road,6,2021,Covid,21.9,7.29,364,30.5,149,89,214,186,28,3,14,42
Buriganga River,Mirpur Bridge,6,2021,Covid,22.1,7.06,218.1,30,138,33.2,132.5,112.5,20,4.1,8.2,24
Buriganga River,Hazaribagh,6,2021,Covid,21.7,6.92,227,31.5,127,27.3,134.5,118.5,16,3.1,6.2,12
Buriganga River,Shat moshjid Road,6,2021,Covid,22.2,6.82,358,32,150,30.9,211.9,188.9,23,2.56,9.2,51
Buriganga River,Chadnighat,6,2021,Covid,22,6.98,261,30.5,137,23.5,142.1,132.1,10,2.05,8.2,22
Buriganga River,Bosila bridge,6,2021,Covid,21.8,6.98,226,30.5,102,24.4,135.9,117.9,18,3.4,8.4,15
Buriganga River,Bangladesh China Friendship Bridge ,6,2021,Covid,22.2,7.02,219.4,29.5,102,30.4,128.4,113.4,15,2.75,6.2,22
Buriganga River,Pagla ,6,2021,Covid,22.4,7,264,31,139,25.2,152,138,14,2.75,8.2,24
